NAME,CITY,STATE
DEVINE H S,DEVINE,TX
AMI KIDS RIO GRANDE VALLEY (FKA RGMI),LOS FRESNOS,TX
GARY AND BOBBYE JACK MINSHEW EL,MCKINNEY,TX
ACHIEVE EARLY COLLEGE H S,MCALLEN,TX
MISSION RIDGE,EL PASO,TX
RICHLAND EL,RICHLAND HILLS,TX
PREMIER H S OF PFLUGERVILLE,PFLUGERVILLE,TX
CIELO VISTA EL,EL PASO,TX
LANNY FRASIER MIDDLE,MESQUITE,TX
VERAMENDI EL,NEW BRAUNFELS,TX
PREPARATORY FOR EARLY COLLEGE H S,RIO GRANDE CITY,TX
WEST WARD EL,KILLEEN,TX
DANBURY MIDDLE,DANBURY,TX
WILLOW WOOD J H,TOMBALL,TX
WALLER J H,WALLER,TX
CANYON VISTA MIDDLE,AUSTIN,TX
ROOSEVELT-WILSON EL,TEXAS CITY,TX
LIECK EL,SAN ANTONIO,TX
AUSTIN EL,SAN ANGELO,TX
FRY INT,TEXAS CITY,TX
DARROUZETT SCHOOLS,DARROUZETT,TX
A M PATE EL,FORT WORTH,TX
LEE EL,AUSTIN,TX
BARBARA JORDAN EL,DALLAS,TX
LOHN SCHOOL,LOHN,TX
BENBROOK EL,FORT WORTH,TX
TULOSO-MIDWAY H S,CORPUS CHRISTI,TX
TEXAS ONLINE PREPARATORY H S,HUNTSVILLE,TX
JACKSONVILLE H S,JACKSONVILLE,TX
KIPP AUSTIN CONNECTIONS EL,AUSTIN,TX
ODESSA KILPATRICK EL,KATY,TX
SAN JACINTO EL,ODESSA,TX
CESAR E CHAVEZ ACADEMY,CORPUS CHRISTI,TX
STAFFORD EL,SAN ANTONIO,TX
PLACEDO EL,PLACEDO,TX
POST H S,POST,TX
BRACKETT J H,BRACKETTVILLE,TX
LYNDON B JOHNSON MIDDLE,JOHNSON CITY,TX
SULPHUR SPRINGS H S,SULPHUR SPRINGS,TX
HARVARD EL,HOUSTON,TX
CELIA HAYS EL,ROCKWALL,TX
SOMERSET H S,SOMERSET,TX
HAROLD T BRANCH ACADEMY FOR CAREER & TECHNICAL ED,CORPUS CHRISTI,TX
FURR H S,HOUSTON,TX
WEST HARDIN H S,SARATOGA,TX
IRVIN H S,EL PASO,TX
NORTH RICHLAND MIDDLE,NORTH RICHLAND HILLS,TX
CRESTVIEW EL,NEW BOSTON,TX
EAST CHAMBERS H S,WINNIE,TX
GAINESVILLE H S,GAINESVILLE,TX
ALTER DISCIPLINE CAMPUS,FORT WORTH,TX
TRANSMOUNTAIN EARLY COLLEGE H S,EL PASO,TX
RUSSELL P SCHUPMANN EL,GLENN HEIGHTS,TX
BETHKE EL,KATY,TX
VALLEY VIEW SOUTH EL,PHARR,TX
MONTGOMERY J H,MONTGOMERY,TX
O'BANION MIDDLE,GARLAND,TX
MORRIS MIDDLE,MCALLEN,TX
CALLISBURG H S,CALLISBURG,TX
SLAUGHTER EL,MCKINNEY,TX
ALLEN EL,FRISCO,TX
GRAHAM LEARNING CTR,GRAHAM,TX
SHARON SHANNON EL,ROCKWALL,TX
PREMIER H S OF COMANCHE/EARLY,EARLY,TX
HARDIN-JEFFERSON H S,SOUR LAKE,TX
CEDAR VALLEY MIDDLE,AUSTIN,TX
TOM WILSON EL,KATY,TX
SUSANNA DICKINSON EL,SUGAR LAND,TX
BOWIE H S,EL PASO,TX
NORTH DALLAS H S,DALLAS,TX
AUSTIN MONTESSORI MAGNET,ODESSA,TX
JOE V HART EL,LUCAS,TX
ROBERT CRIPPEN EL,PORTER,TX
MT ENTERPRISE EL,MT ENTERPRISE,TX
ARABIC IMMERSION MAGNET SCHOOL,HOUSTON,TX
HODGES EL,LUBBOCK,TX
BRADY MIDDLE,BRADY,TX
GREAT HEARTS MONTE VISTA NORTH,SAN ANTONIO,TX
ATASCOCITA MIDDLE,HUMBLE,TX
LIBERTY HILL J H,LIBERTY HILL,TX
WHITE MIDDLE,SAN ANTONIO,TX
REMYNSE EL,GRAND PRAIRIE,TX
MITCHELL EL,BRYAN,TX
LORAINE T GOLBOW EL,KATY,TX
GULLEDGE EL,PLANO,TX
ISCHOOL HIGH AT THE WOODLANDS,CONROE,TX
AUSTIN OAKS,AUSTIN,TX
MONTANA VISTA EL,EL PASO,TX
TRIUMPH PUBLIC HIGH SCHOOLS-EL PASO EAST,EL PASO,TX
LAMAR CONS H S,ROSENBERG,TX
MACARIO GARCIA MIDDLE,SUGAR LAND,TX
GILBERT F M EL,IRVING,TX
PLANO SPECIAL PROGRAMS CENTER,NEVADA,TX
LOVEJOY H S,LUCAS,TX
CONNALLY PRI,ELM MOTT,TX
NORTH BRIDGE EL,WESLACO,TX
MACARTHUR H S,IRVING,TX
BOVINA MIDDLE,BOVINA,TX
LEON SPRINGS EL,SAN ANTONIO,TX
GEORGE W BUSH EL,ST PAUL,TX
JP COWEN ACHIEVEMENT CENTER,SWEETWATER,TX
ELLA SCHORLEMMER EL,VICTORIA,TX
HEALY-MURPHY,SAN ANTONIO,TX
LAMESA SCHOOLS,LAMESA,TX
STUART CAREER TECH H S,BAYTOWN,TX
SILSBEE EL,SILSBEE,TX
HENRY FORD EL,PHARR,TX
JUDSON LEARNING ACAD,SAN ANTONIO,TX
BRAZORIA CO J J A E P,SWEENY,TX
MCNEIL H S,AUSTIN,TX
WORTH HEIGHTS EL,FORT WORTH,TX
EL MAGNET AT REAGAN EL,ODESSA,TX
KAUFMAN EL,SPRING,TX
GUS BIRDWELL EL,SPEARMAN,TX
LATEXO H S,LATEXO,TX
SMITHSON VALLEY H S,SPRING BRANCH,TX
DE ZAVALA EL,MIDLAND,TX
WILLIAMSON COUNTY JJAEP,GEORGETOWN,TX
JACK D JOHNSON EL,SOUTHLAKE,TX
HUFFMAN EL,HUFFMAN,TX
COPPELL MIDDLE NORTH,COPPELL,TX
TAYLOR EL,MERCEDES,TX
A G ELDER EL,JOSHUA,TX
TRANSFORMING LIVES COOPERATIVE (TLC),DICKINSON,TX
ROGERS MIDDLE,ROGERS,TX
NORTH SHORE SENIOR HIGH,HOUSTON,TX
SABINE PASS SCHOOL,SABINE PASS,TX
MOSS EL,BIG SPRING,TX
HUDDLESTON SPECIAL PROGRAMS CENTER,PRINCETON,TX
POINT ALTERNATIVE CENTER,BAYTOWN,TX
CEDAR RIDGE EL,WACO,TX
WESTWIND EL,LUBBOCK,TX
SILVERLAKE EL,PEARLAND,TX
CHALLENGE ACADEMY,WACO,TX
DEVINE MIDDLE,DEVINE,TX
WELCH MIDDLE,HOUSTON,TX
LAKE CREEK H S,MONTGOMERY,TX
MIRELES EL,SAN ANTONIO,TX
TREVINO EL,EDINBURG,TX
ENCINO PARK EL,SAN ANTONIO,TX
AMBASSADORS PREPARATORY ACADEMY,GALVESTON,TX
MARTIN EL,WEATHERFORD,TX
ORANGEFIELD J H,ORANGEFIELD,TX
SOUTH BELT EL,HOUSTON,TX
STUBBLEFIELD LRN CTR,LUFKIN,TX
JUDSON EARLY COLLEGE ACADEMY,LIVE OAK,TX
EAST FORT WORTH MONTESSORI ACADEMY,FORT WORTH,TX
HUNT EL,CUERO,TX
GUYER H S,DENTON,TX
CHALLENGE EARLY COLLEGE H S,HOUSTON,TX
DRIPPING SPRINGS H S,DRIPPING SPRINGS,TX
MADISON H S,HOUSTON,TX
CHAPEL HILL H S,MOUNT PLEASANT,TX
LAKEVIEW EL,LITTLE ELM,TX
TICE EL,HOUSTON,TX
MAUDE I LOGAN EL,FORT WORTH,TX
SANTA FE H S,SANTA FE,TX
ROBINSON EL,KATY,TX
BELL CO J J A E P,KILLEEN,TX
TIBBALS EL,WYLIE,TX
WELLINGTON H S,WELLINGTON,TX
WELLS EL,WELLS,TX
ALTERNATIVE CENTER,SAN ANTONIO,TX
CROCKETT MIDDLE,AMARILLO,TX
MARY JO SHEPPARD EL,MANSFIELD,TX
BOWIE MIDDLE,IRVING,TX
LOSOYA MIDDLE,SAN ANTONIO,TX
L V STOCKARD MIDDLE,DALLAS,TX
OLD SETTLERS EL,FLOWER MOUND,TX
DANBURY H S,DANBURY,TX
UPLIFT MIGHTY H S,FORT WORTH,TX
OAK RIDGE H S,CONROE,TX
STARKEY EL,KERRVILLE,TX
DOBIE H S,HOUSTON,TX
EXCEL H S OF CHOICE,LONGVIEW,TX
COMMERCE MIDDLE,COMMERCE,TX
BESTEIRO MIDDLE,BROWNSVILLE,TX
SANFORD-FRITCH H S,FRITCH,TX
GOLIAD H S,GOLIAD,TX
BAGDAD EL,LEANDER,TX
OWENS INT,HOUSTON,TX
WODEN J H,WODEN,TX
KIRBYVILLE J H,KIRBYVILLE,TX
NORTH EULESS EL,EULESS,TX
BONNIE HOLLAND EL,KATY,TX
SNOW HEIGHTS EL,NORTH RICHLAND HILLS,TX
IDEA ACADEMY SAN BENITO,SAN BENITO,TX
PECAN CREEK EL,DENTON,TX
PEREZ EL,AUSTIN,TX
COTULLA H S,COTULLA,TX
ALIEF EARLY COLLEGE H S,HOUSTON,TX
SOUTH TEXAS ISD WORLD SCHOLARS,EDINBURG,TX
H D STAPLES EL,JOSHUA,TX
T R U C E LEARNING CTR,FORT WORTH,TX
JAMES MIDDLE,FORT WORTH,TX
ANNA MAY DAULTON EL,GRAND PRAIRIE,TX
G O A L S PROGRAM,CUERO,TX
MEMORIAL EL,PLANO,TX
NORTH EL,BRECKENRIDGE,TX
JO ANN FORD EL,GEORGETOWN,TX
WESTERN HILLS PRI,FORT WORTH,TX
KELLER-HARVEL EL,KELLER,TX
THREE LAKES MIDDLE,TYLER,TX
KOUNTZE MIDDLE,KOUNTZE,TX
FAIRMEADOWS EL,DUNCANVILLE,TX
CANYON LAKE H S,FISCHER,TX
CARROLL SENIOR H S,SOUTHLAKE,TX
PETROSKY EL,HOUSTON,TX
FALLBROOK ACADEMY,HOUSTON,TX
EL #31,HUMBLE,TX
CHARLOTTE ANDERSON EL,ARLINGTON,TX
LUCKEY RANCH EL,SAN ANTONIO,TX
BOYD H S,BOYD,TX
FANNIN EL,BRYAN,TX
HAMILTON PARK PACESETTER MAGNET,DALLAS,TX
SNYDER ACADEMY,HERMLEIGH,TX
COLUMBUS EL,COLUMBUS,TX
BRUNI MIDDLE,BRUNI,TX
TARRANT YOUTH RECOVERY,FT WORTH,TX
SOUTHWEST PREPARATORY SCHOOL-NORTHWEST,SAN ANTONIO,TX
MCCAMEY H S,MCCAMEY,TX
MANARA ACADEMY,IRVING,TX
CABLE EL,SAN ANTONIO,TX
WEST AVENUE EL,WACO,TX
KLONDIKE ISD,LAMESA,TX
BLUE HAZE EL,FORT WORTH,TX
CLIFTON MIDDLE,CLIFTON,TX
UNION GROVE H S,GLADEWATER,TX
HILLCREST EL,PLAINVIEW,TX
PATTON SPRINGS SCHOOL,AFTON,TX
RIVER ROAD H S,AMARILLO,TX
YES PREP - NORTH CENTRAL,HOUSTON,TX
SAN JACINTO EL,BAYTOWN,TX
HARRIS MIDDLE,SAN ANTONIO,TX
GAINESVILLE J H,GAINESVILLE,TX
ZAPATA NORTH EL,ZAPATA,TX
POST EL,POST,TX
MERCEDES DAEP,MERCEDES,TX
CLEAR PATH ALTERNATIVE SCHOOL,WEBSTER,TX
GOLDEN RULE,DALLAS,TX
KNOWLTON EL,SAN ANTONIO,TX
IMPACT EARLY COLLEGE H S,BAYTOWN,TX
TATUM EL,FARMERSVILLE,TX
PECAN SPRINGS EL,AUSTIN,TX
YES PREP - SOUTHWEST,HOUSTON,TX
JOHN D SPICER EL,HALTOM CITY,TX
WASHINGTON HEIGHTS EL,FORT WORTH,TX
SOUTH TEXAS ISD RISING SCHOLARS ACADEMY,SAN BENITO,TX
SHAMROCK H S,SHAMROCK,TX
BROOKS ACADEMY OF SCIENCE AND ENGINEERING,SAN ANTONIO,TX
BEBENSEE EL,ARLINGTON,TX
A & M CONS H S,COLLEGE STATION,TX
SUCHMA EL,CONROE,TX
FAIRVIEW ACCELERATED,SAN ANGELO,TX
KARNES CITY J J A E P,FLORESVILLE,TX
ANNA MIDDLE,ANNA,TX
MERCER & BLUMBERG LRN CTR,SEGUIN,TX
MERIDIAN EL,MERIDIAN,TX
MARTHA TURNER REILLY EL,DALLAS,TX
BROWN MIDDLE,EL PASO,TX
MARTIN H S,LAREDO,TX
LOCKNEY DAEP,PLAINVIEW,TX
TRAVIS COUNTY DAY SCHOOL,AUSTIN,TX
RIVER OAKS EL,AUSTIN,TX
ELAINE S SCHLATHER INT,CIBOLO,TX
PSJA EARLY COLLEGE H S,SAN JUAN,TX
LA VEGA EL,WACO,TX
RESERVED FOR FUTURE USE,DALLAS,TX
CHINA SPRING INT,WACO,TX
BOWIE EL,DALLAS,TX
CHET BURCHETT EL,SPRING,TX
FISHER ELEMENTARY,PASADENA,TX
DAVID K SELLARS EL,FORT WORTH,TX
MADING EL,HOUSTON,TX
SAN MARCOS H S,SAN MARCOS,TX
NEW HOPE H S,LEANDER,TX
VANGUARD PICASSO,PHARR,TX
FORESTRIDGE EL,DALLAS,TX
JOHN F KENNEDY EL,PENITAS,TX
BLOSSOM EL,BLOSSOM,TX
KAZEN EL,LAREDO,TX
RICHLAND EL,RICHARDSON,TX
REAGAN COUNTY H S,BIG LAKE,TX
CHALLENGE ACADEMY,WACO,TX
TRAVIS MIDDLE,QUANAH,TX
RITA SMITH EL,WYLIE,TX
HECTOR P GARCIA EL,TEMPLE,TX
JOHN & OLIVE HINOJOSA EL,RIO GRANDE CITY,TX
SOUTHWEST KEY,COMBES,TX
TEXAS CITY J J A E P,DICKINSON,TX
ROQUE GUERRA JR EL,RIO GRANDE CITY,TX
PEETE EL,TYLER,TX
BRAZORIA CO JUVENILE DETENTION,ANGLETON,TX
STERLING H S,BAYTOWN,TX
MORRIS MIDDLE,HOUSTON,TX
MAYDE CREEK EL,HOUSTON,TX
ROCK PRAIRIE EL,COLLEGE STATION,TX
KLEIN ANNEX,KLEIN,TX
ROBBIN E L WASHINGTON INTERNATIONAL EL,EL PASO,TX
LUJAN-CHAVEZ EL,EL PASO,TX
MANVEL H S,MANVEL,TX
MINERAL WELLS/PALO PINTO COUNTY DAEP,MINERAL WELLS,TX
PYBURN EL,HOUSTON,TX
BROWNWOOD ACCELERATED H S,BROWNWOOD,TX
SAN JACINTO EL,AMARILLO,TX
LOVETT EL,HOUSTON,TX
LAKESIDE MIDDLE,LITTLE ELM,TX
JOHN C WEBB EL,NAVASOTA,TX
CHAPEL HILL EL,MOUNT PLEASANT,TX
SOUTH HILLS EL,FORT WORTH,TX
CHAPEL HILL J H,TYLER,TX
LOGAN EL,EL PASO,TX
WESLACO 21ST CENTURY CTE EARLY COLLEGE H S,WESLACO,TX
NEW CANEY EL,NEW CANEY,TX
HARDIN CO ALTERNATIVE AEP,KOUNTZE,TX
BRIESEMEISTER MIDDLE,SEGUIN,TX
ANAHUAC MIDDLE,ANAHUAC,TX
CROSSTIMBERS ACADEMY,WEATHERFORD,TX
WINONA MIDDLE,WINONA,TX
JAMES COBLE MIDDLE,ARLINGTON,TX
WALNUT GLEN ACAD FOR EXCEL,GARLAND,TX
BRIDLEWOOD EL,FLOWER MOUND,TX
CARSON PARKE,HOUSTON,TX
BASSWOOD EL,FORT WORTH,TX
LANIER MIDDLE,HOUSTON,TX
GRUVER J H,GRUVER,TX
GREENWOOD FOREST EL,HOUSTON,TX
WALL SPECIAL PROGRAMS,PAINT ROCK,TX
TRAVIS EL,GREENVILLE,TX
REAGAN H S,SAN ANTONIO,TX
H O WHITEHURST EL,GROESBECK,TX
ELLIOTT EL,MCKINNEY,TX
LADY BIRD JOHNSON MIDDLE,IRVING,TX
WESTERN HILLS H S,FORT WORTH,TX
FAIRVIEW DAEP,SAN ANGELO,TX
BRIDGE CITY EL,BRIDGE CITY,TX
NEW DEAL DAEP,NEW DEAL,TX
FAIRVIEW ACCELERATED,SAN ANGELO,TX
MORENO EL,EL PASO,TX
LORENA PRI,LORENA,TX
RAMIREZ EL,LUBBOCK,TX
CROCKETT EL,CORPUS CHRISTI,TX
ELROD EL,SAN ANTONIO,TX
LIBERTY EL,AZLE,TX
ROY J SMITH MIDDLE,KILLEEN,TX
MOUNT PLEASANT DAEP,MOUNT PLEASANT,TX
MACARTHUR EL,GALENA PARK,TX
MATTHYS EL,SOUTH HOUSTON,TX
COLLEGE VIEW H S,COLLEGE STATION,TX
MEMORIAL INT,ALICE,TX
TURNER PREKINDERGARTEN ACADEMY,WAXAHACHIE,TX
POR VIDA ACADEMY CHARTER H S,SAN ANTONIO,TX
ROSS MIDDLE,EL PASO,TX
LAMAR EL,THE WOODLANDS,TX
M L KING MIDDLE,BEAUMONT,TX
MESQUITE H S,MESQUITE,TX
WILDERNESS OAK EL,SAN ANTONIO,TX
EXCEL ACADEMY,HOUSTON,TX
ALICE H S,ALICE,TX
DR T C MCCORMICK JR MIDDLE,BUDA,TX
TIDEHAVEN INT,EL MATON,TX
SCIENCE CTR,HOUSTON,TX
GRIMES EDUCATION CENTER,CARROLLTON,TX
VISTA ACADEMY OF WILLIS,CONROE,TX
WINFREE ACADEMY NORTH RICHLAND HILLS,NORTH RICHLAND HILLS,TX
BLACK EL,MESQUITE,TX
HARLINGEN H S - SOUTH,HARLINGEN,TX
DOLORES HUERTA EL,FORT WORTH,TX
DANISH EL,HOUSTON,TX
MORTON SCHOOL,MORTON,TX
DEARING EL,ROUND ROCK,TX
PREMIER H S OF BROWNSVILLE,BROWNSVILLE,TX
TRAVIS B BRYAN H S,BRYAN,TX
VERNON H S,VERNON,TX
ROBERT R VELA H S,EDINBURG,TX
WASHINGTON EL,BIG SPRING,TX
CENTERVILLE EL,GARLAND,TX
SER-NINOS CHARTER EL II,HOUSTON,TX
LAS YESCAS EL,SAN BENITO,TX
NEEDVILLE H S,NEEDVILLE,TX
CROSS ROADS J H,MALAKOFF,TX
FERRIS H S,FERRIS,TX
CLAYBON EL,FORNEY,TX
E-10 NW EL,EL PASO,TX
JEAN & BETTY SCHMALZ EL,HOUSTON,TX
JOHN AND SHAMARION BARBER MIDDLE,DICKINSON,TX
MILLSAP EL,CYPRESS,TX
WILLIAMS EL,LUBBOCK,TX
ACADEMY FOR TECHNOLOGY ENGINEERING MATH & SCIENCE,ABILENE,TX
LOMA PARK EL,SAN ANTONIO,TX
PLUM CREEK EL,LOCKHART,TX
HASLET EL,HASLET,TX
AD WHEAT MIDDLE,CLEBURNE,TX
COMMUNITY SCHOOL,PASADENA,TX
WINDSOR VILLAGE EL,HOUSTON,TX
MILLER EL,LITTLE ELM,TX
COASTAL ALTERNATIVE PROGRAM (CAP),SANTA FE,TX
LIFE SCHOOL CEDAR HILL,CEDAR HILL,TX
BOWIE EL,GREENVILLE,TX
SIMMS EL,LA MARQUE,TX
NEWTON COLLINS EL,AUSTIN,TX
YOUNG WOMEN'S LEADERSHIP ACADEMY,FORT WORTH,TX
MART ACADEMIC ALERNATIVE PROGRAM,MART,TX
GALM EL,SAN ANTONIO,TX
SUMMER CREEK H S,HOUSTON,TX
FOREST RIDGE,COLLEGE STATION,TX
MILTON B LEE ACADEMY OF SCIENCE & ENGINEERING,SAN ANTONIO,TX
WEINERT EL,SEGUIN,TX
BESSIE COLEMAN MIDDLE,CEDAR HILL,TX
MONTAGUE VILLAGE EL,FORT HOOD,TX
APPLIED LEARNING ACAD,FORT WORTH,TX
FROST EL,FROST,TX
HOLBROOK EL,HOUSTON,TX
UNLIMITED VISIONS AFTERCARE,PASADENA,TX
TEXAS SERENITY ACADEMY,HOUSTON,TX
CAMERON CO J J A E P,MERCEDES,TX
EARLY CHILDHOOD SCHOOL,FRISCO,TX
TOMBALL ALTERNATIVE EDUCATION CENTER,TOMBALL,TX
GEORGE WASHINGTON CARVER EL,KARNACK,TX
HOPE H S,PORT LAVACA,TX
HOMMEL EL,EVERMAN,TX
DUPRE EL,LUBBOCK,TX
WILLBERN EL,HOUSTON,TX
JOHANNA ODONNELL INT,FABENS,TX
MARGARET B HENDERSON EL,DALLAS,TX
YOUNG WOMEN'S LEADERSHIP ACADEMY,SAN ANTONIO,TX
MCCOY EL,CARROLLTON,TX
MISSION J H,MISSION,TX
SKIDMORE-TYNAN EL,SKIDMORE,TX
HUGHES ROAD EL,DICKINSON,TX
DIANE WINBORN EL,KATY,TX
WESTWOOD PRI,PALESTINE,TX
OLSEN PARK EL,AMARILLO,TX
HILDEBRANDT INT,SPRING,TX
CARMICHAEL EL,HOUSTON,TX
TOUGH EL,THE WOODLANDS,TX
STAFFORD CENTER,SAN ANTONIO,TX
ILTEXAS ARLINGTON EL,ARLINGTON,TX
HAMSHIRE-FANNETT EL,BEAUMONT,TX
STOVALL ACADEMY,HOUSTON,TX
CENTRAL MIDDLE,WESLACO,TX
HARRELL BUDD EL,DALLAS,TX
IDEA COLLEGE PREPARATORY SAN BENITO,SAN BENITO,TX
DOROTHY THOMPSON MIDDLE,PROGRESO,TX
DOUGLASS EL,EL PASO,TX
WM B TRAVIS EL,MARSHALL,TX
NEW J H,PEARLAND,TX
FISHER EL,FRISCO,TX
FRED DOUGLASS,JACKSONVILLE,TX
MERIDIAN H S,MERIDIAN,TX
SCHOOL OF SCIENCE AND TECHNOLOGY CORPUS CHRISTI,CORPUS CHRISTI,TX
SILVERCREST EL,PEARLAND,TX
GROESBECK H S,GROESBECK,TX
NISD BEXAR COUNTY JJA,SAN ANTONIO,TX
BRENHAM J H,BRENHAM,TX
IDEA RIVERVIEW COLLEGE PREPARATORY,BROWNSVILLE,TX
COMANCHE EARLY CHILDHOOD CENTER,COMANCHE,TX
THOMAS MANOR,EL PASO,TX
SARTARTIA MIDDLE,SUGAR LAND,TX
BASSETT MIDDLE,EL PASO,TX
HARLANDALE ALTERNATIVE CENTER BOOT MIDDLE,SAN ANTONIO,TX
W A BLAIR EL,DALLAS,TX
CHAPEL HILL H S,MOUNT PLEASANT,TX
PORT O CONNOR EL,PORT O'CONNOR,TX
ATASCOSA COUNTY JUVENILE JUSTICE CENTER,JOURDANTON,TX
ILTEXAS GARLAND EL,GARLAND,TX
HALPIN EARLY CHILDHOOD CTR,HOUSTON,TX
IDEA COLLEGE PREPARATORY PHARR,PHARR,TX
ROARK EL,ARLINGTON,TX
CANNADAY EL,MESQUITE,TX
EAST EL,BRECKENRIDGE,TX
PEASE MIDDLE,SAN ANTONIO,TX
SANCHEZ EL,AUSTIN,TX
HOLLAND H S,HOLLAND,TX
JOHNSON H S,SAN ANTONIO,TX
SABINAL H S,SABINAL,TX
LAMESA DAEP,LAMESA,TX
HARMONY SCHOOL OF SCIENCE-HOUSTON,HOUSTON,TX
JAMES MADISON H S,DALLAS,TX
JOHN IRELAND EL,DALLAS,TX
WILLIE BROWN EL,MANSFIELD,TX
BREWER H S,FORT WORTH,TX
BLATTMAN EL,SAN ANTONIO,TX
MISSION GLEN EL,HOUSTON,TX
ALEDO MIDDLE,ALEDO,TX
LAKE DALLAS H S,CORINTH,TX
PEASE EL,ODESSA,TX
THOMAS J RUSK EL,NACOGDOCHES,TX
CARPENTER EL,DEER PARK,TX
UPLIFT TRIUMPH PREPARATORY SCHOOL,DALLAS,TX
HELEN BALL EL,EL PASO,TX
CAREER EDUCATION CENTER,WICHITA FALLS,TX
FERNDELL HENRY CENTER FOR LEARNING,ROSHARON,TX
PREMONT COLLEGIATE H S,PREMONT,TX
MANOR MIDDLE,MANOR,TX
DE LA VINA ELEM,EDINBURG,TX
HARMONY SCHOOL OF INNOVATION - KATY,KATY,TX
EL DAEP,MISSOURI CITY,TX
CUNNINGHAM EL,HOUSTON,TX
T G TERRY EL,DALLAS,TX
WALNUT BEND EL,HOUSTON,TX
BAY EL,SEABROOK,TX
JUAN N SEGUIN EL,GRAND PRAIRIE,TX
MOCKINGBIRD EL,DALLAS,TX
JJAEP,RICHARDSON,TX
ROSS EL,HOUSTON,TX
NATALIA EARLY CHILD CTR,NATALIA,TX
FRUITVALE MIDDLE,FRUITVALE,TX
GILMER H S,GILMER,TX
HART ISD,HART,TX
RIVER TRAILS EL,FORT WORTH,TX
WILLS POINT J H,WILLS POINT,TX
HARMONY SCHOOL OF INNOVATION - GARLAND,GARLAND,TX
E A JONES EL,MISSOURI CITY,TX
BRUNI H S,BRUNI,TX
O M ROBERTS EL,LAKE JACKSON,TX
EARLY CHILDHOOD CENTER,EAGLE PASS,TX
SHIVE EL,VERNON,TX
BRENHAM MIDDLE,BRENHAM,TX
NATHAN ADAMS EL,DALLAS,TX
GREAT HEARTS MONTE VISTA,SAN ANTONIO,TX
TAFOLLA MIDDLE,SAN ANTONIO,TX
SOCORRO MIDDLE,EL PASO,TX
PETERSON MIDDLE,KERRVILLE,TX
CEDAR VALLEY EL,KILLEEN,TX
MAURINE CAIN MIDDLE,ROCKWALL,TX
TULIA EL,TULIA,TX
SANDS CISD,ACKERLY,TX
WILLIAMSON COUNTY DETENTION CENTER,GEORGETOWN,TX
HODGES BEND MIDDLE,HOUSTON,TX
DELMAS F MORTON EL,GRAND PRAIRIE,TX
EDWIN F WILLIAMS INT,PERRYTON,TX
SOUTHMOST EL,BROWNSVILLE,TX
VEGA H S,VEGA,TX
KIRBY MIDDLE,SAN ANTONIO,TX
WILLS POINT MIDDLE,WILLS POINT,TX
MATHIS EL,MATHIS,TX
ELDORADO EL,ELDORADO,TX
UPLIFT SUMMIT INTERNATIONAL H S,ARLINGTON,TX
PREMIER H S OF PFLUGERVILLE,PFLUGERVILLE,TX
CANYON LAKE H S,FISCHER,TX
MIDLOTHIAN HERITAGE H S,MIDLOTHIAN,TX
BASIS SAN ANTONIO- SHAVANO CAMPUS,SAN ANTONIO,TX
NOBLE REED,CRANDALL,TX
EAST VIEW H S,GEORGETOWN,TX
BRIGHT BEGINNINGS ACADEMIC CENTER,BROWNFIELD,TX
CHARLES MIDDLE,EL PASO,TX
MCCULLOUGH J H,THE WOODLANDS,TX
CHARLES A FORBES MIDDLE,GEORGETOWN,TX
HIDALGO CO J J A E P,MERCEDES,TX
IRENE CLINKSCALE EL,BURLESON,TX
MOULTON EL,MOULTON,TX
CORNERSTONE EL,SUGAR LAND,TX
RIDGEMONT EL,HOUSTON,TX
BUCKHOLTS SCHOOL,BUCKHOLTS,TX
CIMARRON EL,KATY,TX
WINONA EL,WINONA,TX
NORTHSIDE EL,WAXAHACHIE,TX
JEFFERSON ELEM,EDINBURG,TX
THE PRO-VISION ACADEMY,HOUSTON,TX
DUBLIN INT,DUBLIN,TX
YSLETA EL,EL PASO,TX
ROOSEVELT EL,HOUSTON,TX
IDEA NORTH MISSION ACADEMY,MISSION,TX
RICE SCH /LA ESCUELA RICE,HOUSTON,TX
VENABLE VILLAGE EL,FORT HOOD,TX
LUBBOCK CO YOUTH CTR,LUBBOCK,TX
COMFORT EL,COMFORT,TX
TIMPSON SCHOOL,TIMPSON,TX
BEAVER TECHNOLOGY CENTER,GARLAND,TX
KIPP AUSTIN COMUNIDAD,AUSTIN,TX
H GRADY SPRUCE H S,DALLAS,TX
FAIRVIEW SPECIAL PROGRAMS,ROWENA,TX
MICHAEL EL,SAN ANTONIO,TX
CEDAR PARK H S,CEDAR PARK,TX
ORTIZ EL,BROWNSVILLE,TX
GRAPEVINE H S,GRAPEVINE,TX
WUNDERLICH INT,HOUSTON,TX
VINEYARD RANCH EL,SAN ANTONIO,TX
FREDERICKSBURG H S,FREDERICKSBURG,TX
CENTER POINT EL,CENTER POINT,TX
WHITTIER EL,AMARILLO,TX
FRAZIER EL,BURLESON,TX
SER-NINOS CHARTER EL,HOUSTON,TX
PASODALE EL,EL PASO,TX
BENDWOOD SCHOOL,HOUSTON,TX
VELMA PENNY EL,LINDALE,TX
HAMSHIRE-FANNETT MIDDLE,BEAUMONT,TX
WILLOW BEND EL,LUBBOCK,TX
ROUND TOP-CARMINE H S,CARMINE,TX
MESA VISTA EL,EL PASO,TX
PECAN GROVE EL,RICHMOND,TX
LAKE HIGHLANDS EL,DALLAS,TX
FREDERICKSBURG MIDDLE,FREDERICKSBURG,TX
LASARA H S,LASARA,TX
CROCKETT MIDDLE,PECOS,TX
PRADA EL,LAREDO,TX
HODGE EL,DENTON,TX
MCKINNEY H S,MCKINNEY,TX
DENTON CO J J A E P,JUSTIN,TX
FORSAN H S,FORSAN,TX
DECKER MIDDLE,AUSTIN,TX
THOMAS TOLBERT EL,DALLAS,TX
MEADOR ELEMENTARY,HOUSTON,TX
NEW WAVERLY H S,NEW WAVERLY,TX
WOODROW WILSON DAEP,TEXAS CITY,TX
CHAPEL HILL H S,TYLER,TX
CARROLL H S,CORPUS CHRISTI,TX
WOODVILLE H S,WOODVILLE,TX
BULLOCK EL,GARLAND,TX
WAXAHACHIE H S OF CHOICE,WAXAHACHIE,TX
NORTHWEST EL,BROWNWOOD,TX
BLEDSOE EL,FRISCO,TX
VISTA ACADEMY OF CROCKETT,CROCKETT,TX
BRIARGATE EL,MISSOURI CITY,TX
HILLCREST H S,DALLAS,TX
WALLACE ACCELERATED H S,COLORADO CITY,TX
LAKE TRAVIS H S,AUSTIN,TX
GEORGE I SANCHEZ NORTH,HOUSTON,TX
ILTEXAS KELLER SAGINAW H S,FORT WORTH,TX
NEW 6TH H S - PEARSON RANCH,ROUND ROCK,TX
RONALD THORNTON MIDDLE,MISSOURI CITY,TX
ELKHART H S,ELKHART,TX
PONDEROSA EL,HOUSTON,TX
BELLEVUE SCHOOL,BELLEVUE,TX
CENTERVILLE EL,CENTERVILLE,TX
LAWRENCE E ELKINS H S,MISSOURI CITY,TX
JOHN J CIAVARRA EL,DEVINE,TX
BROWNSVILLE ACADEMIC CENTER,BROWNSVILLE,TX
GEORGE HERBERT WALKER BUSH EL,ADDISON,TX
EXCEL ACADEMY EDUCATION TRANSITION CENTER,HOUSTON,TX
FOLKS MIDDLE,SAN ANTONIO,TX
PATSY SOMMER EL,AUSTIN,TX
BOB AND LOLA SANFORD EL,VAN ALSTYNE,TX
HIDALGO EARLY START ACADEMY,HIDALGO,TX
VERNON SCHRADE MIDDLE,ROWLETT,TX
DR ALEJO SALINAS JR EL,HIDALGO,TX
CANO-GONZALEZ EL,EDINBURG,TX
BRUCE EL,HOUSTON,TX
HEIGHTS EL,LAREDO,TX
FIELDS EL,MCALLEN,TX
BATESVILLE SCHOOL,BATESVILLE,TX
NEW CANEY H S,NEW CANEY,TX
HIDALGO COUNTY BOOT CAMP,WESLACO,TX
SMITHVILLE EL,SMITHVILLE,TX
RAYE-ALLEN EL,TEMPLE,TX
SABINE EL,KILGORE,TX
NORTH SHORE MIDDLE,HOUSTON,TX
BOWIE EL,ABILENE,TX
NACOGDOCHES COUNTY DAEP COOP,GARRISON,TX
WEST MESQUITE H S,MESQUITE,TX
GOLIAD EL,ODESSA,TX
WHITEHOUSE ISD - JJAEP,WHITEHOUSE,TX
IGNACIO ZARAGOZA EL,DALLAS,TX
PATRICIA KNOWLES EL,CEDAR PARK,TX
ELITE STEM PRI ACADEMY,HOUSTON,TX
SANFORD-FRITCH EL,FRITCH,TX
EVERMAN H S,EVERMAN,TX
BORGER MIDDLE,BORGER,TX
SHEPTON H S,PLANO,TX
NORTH DALLAS H S,DALLAS,TX
WOODSTONE EL,SAN ANTONIO,TX
HALTOM MIDDLE,HALTOM CITY,TX
JOHN DOEDYNS EL,SAN JUAN,TX
KINGSBOROUGH MIDDLE,SAN ANTONIO,TX
BURGES H S,EL PASO,TX
EDCOUCH-ELSA H S,ELSA,TX
GRAHAM EL,GRAHAM,TX
RICARDO ESTRADA MIDDLE,EL PASO,TX
MITCHELL INT,THE WOODLANDS,TX
WILLIAMSON COUNTY CORE/JJAEP,GEORGETOWN,TX
URSULA STEPHENS EL,KATY,TX
BRUCEVILLE-EDDY H S,EDDY,TX
ALTERNATIVE MIDDLE,SAN ANTONIO,TX
COOPER H S,COOPER,TX
FORT HANCOCK H S,FORT HANCOCK,TX
LEE BUICE EL,ODESSA,TX
VISTA ACADEMY OF EDINBURG,EDINBURG,TX
BARBARA M MANNS MIDDLE DAEP,DALLAS,TX
HECTOR P GARCIA EL,GRAND PRAIRIE,TX
FORT WORTH ACADEMY OF FINE ARTS EL,FORT WORTH,TX
FREER H S,FREER,TX
BEASLEY EL,MESQUITE,TX
DONALD J STOCKTON JH,CONROE,TX
ISCHOOL HIGH AT THE WOODLANDS,CONROE,TX
EVADALE DAEP,EVADALE,TX
WILDORADO SCHOOL,WILDORADO,TX
BAILEY MIDDLE,AUSTIN,TX
JOSLIN EL,AUSTIN,TX
BOWIE PRI,SULPHUR SPRINGS,TX
MONTCLAIR EL,CORPUS CHRISTI,TX
NIMITZ H S,HOUSTON,TX
AUSTWELL-TIVOLI H S,TIVOLI,TX
COOKE/FANNIN/GRAYSON CO JUVENILE POST AJUD FAC,DENISON,TX
SWEENY J H,SWEENY,TX
SAMUEL CLEMENS H S,SCHERTZ,TX
INDEPENDENCE H S,FRISCO,TX
ISAACS EARLY CHILDHOOD SCHOOL,PLANO,TX
TULOSO-MIDWAY ACADEMIC CAREER CENTER,CORPUS CHRISTI,TX
PARSONS EL,LUBBOCK,TX
SLATON MIDDLE,LUBBOCK,TX
THORNDALE MIDDLE,THORNDALE,TX
ZAVALA EL,EL PASO,TX
ROWLAND EL,VICTORIA,TX
FAIRVIEW SPECIAL PROGRAMS,SAN ANGELO,TX
HILLCREST PDS MAGNET,WACO,TX
CLINT H S,CLINT,TX
BLANKET SCHOOL,BLANKET,TX
CAMELOT EL,SAN ANTONIO,TX
PIN OAK MIDDLE,BELLAIRE,TX
ALBA-GOLDEN H S,ALBA,TX
ALICE JOHNSON J H,CHANNELVIEW,TX
SIEBERT EL,EASTLAND,TX
RED EL,HOUSTON,TX
HUNTINGTON EL,HUNTINGTON,TX
YWLA AT BILL ARNOLD,GRAND PRAIRIE,TX
WALKER EL,KATY,TX
CARROLL EL,FRISCO,TX
SPEARS EL,FRISCO,TX
DIAZ J H,HIDALGO,TX
LIBERTY EL,EAGLE PASS,TX
WELDER EL,SINTON,TX
SCHOCHLER EL,CHANNELVIEW,TX
WHITEWRIGHT H S,WHITEWRIGHT,TX
CHALLENGE ACADEMY,WACO,TX
DAVID CROCKETT ACADEMY,SAN ANTONIO,TX
I T HOLLEMAN EL,WALLER,TX
ROSEHILL EL,TOMBALL,TX
FAULK MIDDLE,BROWNSVILLE,TX
GRAFORD SCHOOL,GRAFORD,TX
ASPERMONT EL,ASPERMONT,TX
WHITTIER EL,HOUSTON,TX
THERON JONES EARLY LITERACY CENTER,TEXARKANA,TX
MCRAE EL,FORT WORTH,TX
LEONARD MIDDLE,FORT WORTH,TX
W A MARTIN EL,CRANDALL,TX
PORT ARTHUR ALTERNATIVE CENTER,PORT ARTHUR,TX
UPLIFT WILLIAMS PREPARATORY MIDDLE,DALLAS,TX
GEORGETOWN BEHAVIORAL HEALTH INSTITUTE,GEORGETOWN,TX
CEDARS ACADEMY NEXT GENERATION H S AT HIGHLAND,AUSTIN,TX
JORDAN MIDDLE,SAN ANTONIO,TX
LEWIS EL,HOUSTON,TX
WILD PEACH EL,BRAZORIA,TX
WEISS H S,PFLUGERVILLE,TX
ILTEXAS KATY WESTPARK H S,RICHMOND,TX
STARTZVILLE EL,CANYON LAKE,TX
BINGMAN PK,BEAUMONT,TX
SKIPCHA EL,HARKER HEIGHTS,TX
DOWELL MIDDLE,MCKINNEY,TX
CIBOLO CREEK EL,BOERNE,TX
ROY CISNEROS EL,SAN ANTONIO,TX
TAYLOR EL,PLANO,TX
GRAND SALINE H S,GRAND SALINE,TX
WILLS EL,AMARILLO,TX
DR TERRY ROBBINS MIDDLE,LUFKIN,TX
LONDON MIDDLE,CORPUS CHRISTI,TX
STEWART EL,MONTGOMERY,TX
ROUGHRIDER ACADEMY,CENTER,TX
BLUE RIDGE H S,BLUE RIDGE,TX
BREMOND H S,BREMOND,TX
RALPH EICKENROHT EL,HOUSTON,TX
ZAPATA H S,ZAPATA,TX
W M PEARCE PRI,SAN ANTONIO,TX
EMERY EL,KATY,TX
TRENTON EL,TRENTON,TX
SEMINOLE PRI,SEMINOLE,TX
BARBERS HILL MIDDLE SOUTH,MONT BELVIEU,TX
HIGHPOINT SCHOOL EAST (DAEP),HOUSTON,TX
WODEN EL,WODEN,TX
MCLEOD EL,MCLEOD,TX
FLOWER MOUND H S,FLOWER MOUND,TX
LAURA INGALLS WILDER INT,SCHERTZ,TX
LAWSON MIDDLE,HOUSTON,TX
LIVELY MIDDLE,AUSTIN,TX
SUNDOWN EL,KATY,TX
HORIZON MONTESSORI II,WESLACO,TX
ERA SCHOOL,ERA,TX
STANTON EL,EL PASO,TX
WILLIAM VELASQUEZ,RICHMOND,TX
STANTON EL,STANTON,TX
NORTHEAST EARLY COLLEGE H S,AUSTIN,TX
STEPHEN F AUSTIN ENVIRONMENTAL SCIENCE ACADEMY,GRAND PRAIRIE,TX
ELSIK H S,HOUSTON,TX
MARGARET FISCHER DAVIS EL,TEXARKANA,TX
BROCK J H,BROCK,TX
HIGHLAND PARK EL,AUSTIN,TX
ALPHA,MAGNOLIA,TX
WEST TEXAS EL,STINNETT,TX
G W CARVER 6TH GRADE STEM LEARNING CENTER,LANCASTER,TX
RED ROCK EL,RED ROCK,TX
THE NBISD LEARNING CENTER,NEW BRAUNFELS,TX
HARMONY SCHOOL OF FINE ARTS AND TECHNOLOGY-HOUSTON,HOUSTON,TX
PRAIRIE VIEW EL,RHOME,TX
J L LYON EL,MAGNOLIA,TX
HARMONY SCIENCE ACADEMY - GRAND PRAIRIE,GRAND PRAIRIE,TX
THOMAS EL,PLANO,TX
NAVARRO EL,LOCKHART,TX
OLIVERO GARZA SR EL,MCALLEN,TX
L B JOHNSON EL,ODESSA,TX
MAUDE MAE KIRCHNER EL,QUEMADO,TX
LINDEN EL,LINDEN,TX
LINDA HERRINGTON EL,ROUND ROCK,TX
NACOGDOCHES H S,NACOGDOCHES,TX
INFINITY EARLY COLLEGE H S,PORTER,TX
LA JOYA PALMVIEW H S,MISSION,TX
ADULT/COMMUNITY LRN CTR,EL PASO,TX
ADVANCED LEARNING ACADEMY,SAN ANTONIO,TX
JUDITH A RESNIK MIDDLE,VON ORMY,TX
ILTEXAS EAST FORT WORTH MIDDLE,FORT WORTH,TX
WILLIAMSON CO JUVENILE DETENTION CENTER,GEORGETOWN,TX
PSJA SOUTHWEST EARLY COLLEGE H S,PHARR,TX
RUBEN C RODRIGUEZ EL,EDCOUCH,TX
BULLARD EL,BULLARD,TX
E MERLE SMITH MIDDLE,SINTON,TX
JACKSBORO H S,JACKSBORO,TX
TRAVIS EARLY COLLEGE H S,AUSTIN,TX
JACKSONVILLE MIDDLE,JACKSONVILLE,TX
CRYAR INTERMEDIATE,CONROE,TX
CENTRAL MIDDLE,NEDERLAND,TX
DRAW ACADEMY,HOUSTON,TX
GRAPEVINE MIDDLE,GRAPEVINE,TX
S GUS ALEXANDER JR EL,DUNCANVILLE,TX
HENDERSON EL,SAN ANTONIO,TX
LIVE OAK EL,AUSTIN,TX
DAGGETT EL,FORT WORTH,TX
KEY MIDDLE,HOUSTON,TX
SMYER SCHOOLS,SMYER,TX
ORANGE GROVE EL,ORANGE GROVE,TX
RANN EL,DECATUR,TX
NEW LAKELINE AREA EL,ROUND ROCK,TX
PARKS EL,PASADENA,TX
LILLION E LUEHRS J H,BISHOP,TX
SLOCUM H S,ELKHART,TX
STROMAN MIDDLE,VICTORIA,TX
WAKE VILLAGE EL,WAKE VILLAGE,TX
V M ADAMS EL,SAN ANTONIO,TX
CENTENNIAL H S,FRISCO,TX
SUE EVELYN RATTAN EL,ANNA,TX
NEBBIE WILLIAMS EL,ROCKWALL,TX
PLAINS EL,PLAINS,TX
PSJA NORTH EARLY COLLEGE H S,PHARR,TX
STAFFORD ADJUSTMENT CENTER,STAFFORD,TX
ESCANDON EL,EDINBURG,TX
B L GARZA MIDDLE,EDINBURG,TX
PRO-VISION MIDDLE,HOUSTON,TX
BURKE EL,SAN ANTONIO,TX
T W OGG EL,CLUTE,TX
GRAPELAND J H,GRAPELAND,TX
JUDGE BAREFOOT SANDERS LAW MAGNET,DALLAS,TX
CLYDE J H,CLYDE,TX
CROCKETT EL,HOUSTON,TX
KIRBYVILLE H S,KIRBYVILLE,TX
HIRSCHI H S,WICHITA FALLS,TX
WILSON EL,HOUSTON,TX
TOLER EL,GARLAND,TX
BEAR BRANCH J H,MAGNOLIA,TX
BENAVIDES EL,BROWNSVILLE,TX
PINKERTON EL,COPPELL,TX
GRADY SCHOOL,LENORAH,TX
DUMAS H S,DUMAS,TX
AMARILLO H S,AMARILLO,TX
HENDRICKSON H S,PFLUGERVILLE,TX
ACADEMY OF DALLAS,DALLAS,TX
IUNIVERSITY PREP,GRAPEVINE,TX
TATUM EL,TATUM,TX
WILSON EL,LUBBOCK,TX
ALPINE EL,ALPINE,TX
HAUDE EL,SPRING,TX
BRENHAM EL,BRENHAM,TX
TRINITY CHARTER SCHOOL - BRENHAM CAMPUS,BRENHAM,TX
DISCIPLINARY ALTERNATIVE EDUCATION PROGRAM,CLEVELAND,TX
HOMEBOUND,AMARILLO,TX
TIMBER RIDGE EL,KILLEEN,TX
SCARBOROUGH EL,SAN ANTONIO,TX
BASIS SAN ANTONIO- SHAVANO CAMPUS,SAN ANTONIO,TX
SYCAMORE SPRINGS EL,AUSTIN,TX
TEXAS CONNECTIONS ACADEMY AT HOUSTON,HOUSTON,TX
HOLLAND MIDDLE,HOUSTON,TX
NEW SUMMERFIELD SCHOOL,NEW SUMMERFIELD,TX
WOODS EL,TYLER,TX
NICHOLS SAWMILL EL,MAGNOLIA,TX
BUNA EL,BUNA,TX
MEDIO CREEK EL,SAN ANTONIO,TX
KILLEEN JJAEP,KILLEEN,TX
GENESIS H S,BASTROP,TX
SNEED EL,HOUSTON,TX
NORMANGEE H S,NORMANGEE,TX
KLEIN OAK H S,SPRING,TX
ANGLETON H S,ANGLETON,TX
HOUSTON HEIGHTS CHARTER SCHOOL,HOUSTON,TX
CROSBY KINDERGARTEN CENTER,CROSBY,TX
LAURELES EL,SAN BENITO,TX
SPRING BRANCH ED CTR,HOUSTON,TX
UNIVERSITY H S,AUSTIN,TX
PARKVIEW SCHOOL - LEVELLAND,LEVELLAND,TX
WOODARD EL,CYPRESS,TX
KUEHNLE EL,KLEIN,TX
BLALACK MIDDLE,CARROLLTON,TX
SLACK EL,LUFKIN,TX
RUSK EL,MIDLAND,TX
COLMESNEIL JH/HS,COLMESNEIL,TX
ALBA-GOLDEN EL,ALBA,TX
PARK VIEW INT,PASADENA,TX
NICHOLS EL,FRISCO,TX
BONHAM EL,HARLINGEN,TX
TRAVIS EL,BAYTOWN,TX
KLEIN H S,KLEIN,TX
FRANCIS EL,HUMBLE,TX
BOLES H S,QUINLAN,TX
BOERNE - SAMUEL V CHAMPION H S,BOERNE,TX
PITTSBURG EL,PITTSBURG,TX
NORTHLAKE EL,GARLAND,TX
EDGEMERE INTERNATIONAL SCHOOL,EL PASO,TX
CATHELENE THOMAS EL,SLATON,TX
HEDLEY SCHOOL,HEDLEY,TX
KENNEDY EL,CORPUS CHRISTI,TX
HOUSTON EL,MCALLEN,TX
MONTCLAIR EL,GARLAND,TX
MARTHA HUNT EL,MURPHY,TX
WHARTON H S,WHARTON,TX
TROY J J A E P,KILLEEN,TX
MADISON H S,SAN ANTONIO,TX
PERKINS MIDDLE,BROWNSVILLE,TX
J J A E P,MCALLEN,TX
CAMERON CO J J A E P,SAN BENITO,TX
CARLOS TRUAN J H,ELSA,TX
PATHWAYS ACADEMIC CAMPUS,KILLEEN,TX
NEW EL,DALLAS,TX
UPLIFT GRAND H S,GRAND PRAIRIE,TX
BOYS RANCH H S,BOYS RANCH,TX
SYCAMORE EL,FORT WORTH,TX
WILSON MIDDLE,NEDERLAND,TX
KIMMIE M BROWN EL,DAYTON,TX
DUMAS INT,DUMAS,TX
PILOT POINT EL,PILOT POINT,TX
HOPE ACADEMY,LA JOYA,TX
RISE ACADEMY,LUBBOCK,TX
EVANT H S,EVANT,TX
BURNET EL,ODESSA,TX
QUEST CAMPUS PRE-K THRU 8,DALLAS,TX
DEVINE H S,DEVINE,TX
EASTLAND CARE CAMPUS,EASTLAND,TX
T PRICE EL,DONNA,TX
MILLSAP MIDDLE,MILLSAP,TX
ODOM EL,HOUSTON,TX
CHARLES ACTON EL,DALLAS,TX
SPICEWOOD PARK EL,SAN ANTONIO,TX
GALENA PARK H S,GALENA PARK,TX
SAM RAYBURN EL,IVANHOE,TX
KRUEGER MIDDLE,SAN ANTONIO,TX
LEON EL,JEWETT,TX
SCOTT EL,TEMPLE,TX
XENIA VOIGT EL,ROUND ROCK,TX
MARSHALL H S,MARSHALL,TX
SWEENY EL,SWEENY,TX
NORTHWEST H S,JUSTIN,TX
PETE GALLEGO EL,EAGLE PASS,TX
EARLY MIDDLE,EARLY,TX
WISDOM H S,HOUSTON,TX
GEORGE E KELLY EL,SAN ANTONIO,TX
SPRINGRIDGE EL,RICHARDSON,TX
HAYNES EL,KILLEEN,TX
SOLOMON P ORTIZ INT,ROBSTOWN,TX
HOWE H S,HOWE,TX
MARY LOU HARTMAN,SAN ANTONIO,TX
PATTON EL,AUSTIN,TX
GEORGE WEST EL,GEORGE WEST,TX
LYLES MIDDLE,GARLAND,TX
MCCALL EL,PLANO,TX
BROWNFIELD H S,BROWNFIELD,TX
STEPHENS EL,SHADY SHORES,TX
M RIVAS EL,DONNA,TX
CROCKETT ECHS,AUSTIN,TX
BOWIE INT,BOWIE,TX
NOLA KATHRYN WILSON EL,CRANDALL,TX
HAMLET EL,AMARILLO,TX
SAMUEL BECK EL,TROPHY CLUB,TX
SAVOY EL,SAVOY,TX
VETERANS MEMORIAL EL,LAREDO,TX
WILLIAM C HERRERA EL,EL PASO,TX
MERIDIANA EL,IOWA COLONY,TX
VANGUARD BEETHOVEN,EDINBURG,TX
ALIEF LEARNING CTR (K-6),HOUSTON,TX
CAMERON COUNTY JJAEP,SAN BENITO,TX
HERITAGE MIDDLE,COLLEYVILLE,TX
SKAGGS EL,PLANO,TX
DALHART H S,DALHART,TX
LAKEVIEW MIDDLE,THE COLONY,TX
WALNUT SPRINGS SCHOOL,WALNUT SPRINGS,TX
LEVERETTS CHAPEL H S,OVERTON,TX
JAMES TIPPIT MIDDLE,GEORGETOWN,TX
KLEBERG EL,DALLAS,TX
DIXIE EL,TYLER,TX
SIDNEY H POYNTER,FORT WORTH,TX
WILSON CO J J A E P,FLORESVILLE,TX
ALICE D CONTRERAS,FORT WORTH,TX
GRAHAM H S,GRAHAM,TX
NORTHSIDE EL,HENDERSON,TX
FRANCIS R SCOBEE MIDDLE,SAN ANTONIO,TX
BEST EL,HOUSTON,TX
SPEC RAFAEL HERNANDO MIDDLE,EL PASO,TX
LIVE OAK LEARNING CENTER,ROCKPORT,TX
SOUTH BELTON MIDDLE,BELTON,TX
OFF CAMPUS DAEP,IDALOU,TX
VERIBEST SPECIAL PROGRAMS,ROWENA,TX
WALTER & LOIS CURTIS MIDDLE,ALLEN,TX
STINSON MIDDLE,SAN ANTONIO,TX
QUAIL VALLEY EL,MISSOURI CITY,TX
SHAMROCK MIDDLE,SHAMROCK,TX
COPPERAS COVE H S,COPPERAS COVE,TX
FOUNDERS CLASSICAL ACADEMY OF LEANDER,LEANDER,TX
COOPER H S,COOPER,TX
LUCIO MIDDLE,BROWNSVILLE,TX
WILLIAM D SLIDER MIDDLE,EL PASO,TX
CATHEY MIDDLE,MCALLEN,TX
FAIRVIEW ACCELERATED,SAN ANGELO,TX
LANGFORD EL,AUSTIN,TX
UPLIFT GRADUS PREPARATORY,DESOTO,TX
H C CARLESTON EL,PEARLAND,TX
GROVES EL,HUMBLE,TX
TIMBER CREEK EL,THE WOODLANDS,TX
DRC CAMPUS,DALLAS,TX
ALIEF LEARNING CTR (6-12),HOUSTON,TX
UPLIFT PEAK PREPARATORY MIDDLE,DALLAS,TX
SALADO H S,SALADO,TX
LA MARQUE H S,LA MARQUE,TX
RUSK H S,RUSK,TX
LIBERTY H S,HOUSTON,TX
PALESTINE J H,PALESTINE,TX
RIDGETOP EL,AUSTIN,TX
GREENWOOD EL,MIDLAND,TX
WODEN H S,WODEN,TX
JACK C BINION EL,RICHLAND HILLS,TX
SAN JACINTO EL,SAN ANGELO,TX
HARRIS EL,AUSTIN,TX
PEARCE H S,RICHARDSON,TX
BROOKESMITH SCHOOL,BROOKESMITH,TX
JAMES E MITCHELL EL,GEORGETOWN,TX
DONNA LEWIS EL,HOUSTON,TX
LA FERIA H S,LA FERIA,TX
LYNN LUCAS MIDDLE,WILLIS,TX
OUIDA SPRINGER,ROCKWALL,TX
AXTELL BRUCEVILLE-EDDY LEARNING CENTER,AXTELL,TX
KEYS ACAD,HARLINGEN,TX
WINTERS EL,WINTERS,TX
CREEK VALLEY MIDDLE,CARROLLTON,TX
GRACE E HARDEMAN EL,WATAUGA,TX
WEBB M S,AUSTIN,TX
HAZEL S PATTISON EL,KATY,TX
PEASE COMMUNICATIONS/TECHNOLOGY ACADEMY,MIDLAND,TX
FRANKLIN D ROOSEVELT EL,LAREDO,TX
ABERNATHY DAEP,PLAINVIEW,TX
ANTHONY MIDDLE,CYRESS,TX
BURBANK H S,SAN ANTONIO,TX
MORNINGSIDE EL,BROWNSVILLE,TX
UNIVERSITY H S,WACO,TX
DETENT CTR,FORT WORTH,TX
AUSTIN MIDDLE,AMARILLO,TX
CLARK EL,BAYTOWN,TX
LOWELL SMITH JR MIDDLE,CLEBURNE,TX
DUNCAN EL,FORT HOOD,TX
WEST MIDDLE,WEST,TX
JUNCTION MIDDLE,JUNCTION,TX
GARCIA MIDDLE,BROWNSVILLE,TX
RED SANDS EL,EL PASO,TX
CARSON EL,SAN ANTONIO,TX
HARMONY SCIENCE ACADEMY - ODESSA,ODESSA,TX
HARMONY SCIENCE ACADEMY - EULESS,EULESS,TX
PFLUGERVILLE H S,PFLUGERVILLE,TX
MAYES EL,DENISON,TX
MANSFIELD SUMMIT H S,ARLINGTON,TX
REG DAY SCHOOL FOR DEAF,ODESSA,TX
SPRINGTOWN H S,SPRINGTOWN,TX
GARCIA YMLA,AUSTIN,TX
EAST CENTRAL HERITAGE MIDDLE,SAN ANTONIO,TX
CAMPBELL EL,CAMPBELL,TX
NORTH CROWLEY H S,FORT WORTH,TX
MILANO J H,MILANO,TX
KASHMERE H S,HOUSTON,TX
SHADY GROVE EL,BURNET,TX
DE ZAVALA EL,HOUSTON,TX
HARTMAN MIDDLE,HOUSTON,TX
CHARLES BAXTER J H,EVERMAN,TX
ELMER C WATSON H S,FORT WORTH,TX
REECES CREEK EL,KILLEEN,TX
MARK TWAIN EL,ALVIN,TX
HIDALGO J J A E P,HIDALGO,TX
HALTOM H S,HALTOM CITY,TX
PHOENIX ACADEMY,AUSTIN,TX
PREMIER H S OF NORTH HOUSTON,HOUSTON,TX
HARMONY SCHOOL OF ENRICHMENT - HOUSTON,HOUSTON,TX
CHAVEZ EXCEL ACADEMY,SAN ANTONIO,TX
WALNUT GROVE MIDDLE,MIDLOTHIAN,TX
WHITESBORO H S,WHITESBORO,TX
BEXAR CO J J A E P,SAN ANTONIO,TX
DAEP,PROGRESO,TX
SANDRA MOSSMAN EL,LEAGUE CITY,TX
CREEKSIDE PARK J H,THE WOODLANDS,TX
ANNUNCIATION MATERNITY HOME,GEORGETOWN,TX
LA VERNIA PRI,LA VERNIA,TX
PERCY W NEBLETT EL,SHERMAN,TX
NORMANGEE EL,NORMANGEE,TX
HENRY B GONZALEZ EL,EAGLE PASS,TX
FROST EL,HOUSTON,TX
SALINAS EL,MISSION,TX
HIGH COUNTRY EL,FORT WORTH,TX
WORTHAM OAKS EL,SAN ANTONIO,TX
POWELL EL,THE WOODLANDS,TX
WILLIAM HAWLEY ATWELL LAW ACADEMY,DALLAS,TX
NARCISO CAVAZOS,MISSION,TX
CUNNINGHAM MIDDLE,HOUSTON,TX
GARZA INDEPENDENCE H S,AUSTIN,TX
CARVER ALTER LRN CTR,SAN ANGELO,TX
KRUM H S,KRUM,TX
VISTA ACADEMY OF HUMBLE,HUMBLE,TX
CHAMBERLIN EL,STEPHENVILLE,TX
BARBARA COCKRELL EL,PEARLAND,TX
DENTON CO J J A E P,DENTON,TX
ARMSTRONG EL,CONROE,TX
R F PATTERSON EL,ARLINGTON,TX
JOAQUIN H S,JOAQUIN,TX
DISTRICT REASSIGNMENT & OPPORTUNITY CENTER,CHARLOTTE,TX
LAW EL,HOUSTON,TX
FEHL-PRICE EL,BEAUMONT,TX
JEFFERSON EL,HOUSTON,TX
AIKMAN EL,HEREFORD,TX
IDEA MONTOPOLIS ACADEMY,AUSTIN,TX
HEIGHTS H S,HOUSTON,TX
WASHINGTON J H,CONROE,TX
NUECES CO J J A E P,CORPUS CHRISTI,TX
BOUDE STOREY MIDDLE,DALLAS,TX
LYFORD MIDDLE,LYFORD,TX
BARBERS HILL EL SOUTH,MONT BELVIEU,TX
H R MOYE EL,EL PASO,TX
VERNON MIDDLE,HARLINGEN,TX
CLAYTON EL,AUSTIN,TX
C W CLINE EL,FRIENDSWOOD,TX
FREIHEIT EL,NEW BRAUNFELS,TX
CENTRAL H S,KELLER,TX
NIMITZ EL,KERRVILLE,TX
TURNER H S,CARROLLTON,TX
WEST EL,DAINGERFIELD,TX
NORTHSIDE H S,HOUSTON,TX
CARRIZO SPRINGS INT,CARRIZO SPRINGS,TX
IUNIVERSITY PREP,GRAPEVINE,TX
CENTRAL J H,POLLOK,TX
H S POINT,DEER PARK,TX
GREENWAYS INT,AMARILLO,TX
TIMBERWILDE EL,SAN ANTONIO,TX
HEMPSTEAD EL,HEMPSTEAD,TX
DULLES MIDDLE,SUGAR LAND,TX
GOLFCREST EL,HOUSTON,TX
JONES EL,CORPUS CHRISTI,TX
HIGHPOINT,HOUSTON,TX
JENNIE REID EL,LA PORTE,TX
BENJAMIN SCHOOL,BENJAMIN,TX
ZUNDELOWITZ EL,WICHITA FALLS,TX
WICHITA FALLS H S,WICHITA FALLS,TX
JACKSON EL,TYLER,TX
BENAVIDES EL,SAN YGNACIO,TX
DALLAS COUNTY JJAEP DESOTO CAMPUS,DALLAS,TX
MARION ALTERNATIVE CENTER,SMILEY,TX
RRISD EARLY COLLEGE H S,ROUND ROCK,TX
IDEA TRES LAGOS ACADEMY,MCALLEN,TX
SOUTH EL,BRECKENRIDGE,TX
MIDLAND H S,MIDLAND,TX
JC KELLY EL,PHARR,TX
WEIMAR J H,WEIMAR,TX
MILLER INT,PASADENA,TX
PILGRIM ACADEMY,HOUSTON,TX
NUECES CANYON JH/HS,BARKSDALE,TX
FLETCHER EL,BEAUMONT,TX
ROBERT G COLE MIDDLE/HIGH SCHOOL,SAN ANTONIO,TX
HOBBY MIDDLE,SAN ANTONIO,TX
FENLEY TRANSITIONAL H S,SAN ANTONIO,TX
WESTLAKE ACADEMY,WESTLAKE,TX
DYER EL,KRUM,TX
RUFINO MENDOZA SR EL,FORT WORTH,TX
LYTLE DAEP,LYTLE,TX
AIA LANCASTER MIDDLE,LANCASTER,TX
DALLAS PARK EL,FORT WORTH,TX
DALLAS COUNTY JJAEP,DALLAS,TX
SCANLAN OAKS EL,MISSOURI CITY,TX
COLDWELL EL,EL PASO,TX
MAPLE LAWN EL,DALLAS,TX
FRIENDSWOOD H S,FRIENDSWOOD,TX
SUNSET EL,DUMAS,TX
BELLAIRE EL,HURST,TX
KOOKEN ED CTR,ARLINGTON,TX
LAKE AIR MONTESSORI SCHOOL,WACO,TX
SAISD - PK 4 SA,SAN ANTONIO,TX
BURTON EL,BURTON,TX
IDEA NORTH MISSION COLLEGE PREPARATORY,MISSION,TX
WINFREE ACADEMY CHARTER SCHOOL - GRAND PRAIRIE,GRAND PRAIRIE,TX
NAAMAN FOREST H S,GARLAND,TX
ROSS MIDDLE,SAN ANTONIO,TX
ILTEXAS KATY WESTPARK H S,RICHMOND,TX
COLORADO EL AND MIDDLE,COLORADO CITY,TX
IDEA ACADEMY MISSION,MISSION,TX
DUNBAR PRI,LUFKIN,TX
STILLMAN MIDDLE,BROWNSVILLE,TX
SPILLANE MIDDLE,CYPRESS,TX
A C JONES H S,BEEVILLE,TX
WINFREE ACADEMY CHARTER SCHOOL (LEWISVILLE),LEWISVILLE,TX
SAM HOUSTON EL,BRYAN,TX
BRIDGE CITY H S,BRIDGE CITY,TX
WOODLAWN ACADEMY,SAN ANTONIO,TX
DEL RIO MIDDLE 8TH GRADE CAMPUS,DEL RIO,TX
DEVERS JH,DEVERS,TX
IDEA BROWNSVILLE ACADEMY,BROWNSVILLE,TX
CANTU EL,ALTON,TX
ALVIN J H,ALVIN,TX
LUBBOCK CO J J A E P,LUBBOCK,TX
COMANCHE H S,COMANCHE,TX
HAC DAEP H S,SAN ANTONIO,TX
BEXAR COUNTY LRN CTR,SAN ANTONIO,TX
JOE DALE SPARKS CAMPUS,DENTON,TX
BLOOMINGTON J H,BLOOMINGTON,TX
REFUGIO EL,REFUGIO,TX
KERRVILLE DISCIPLINARY ALTERNATIVE SCHOOL,KERRVILLE,TX
UPLIFT HAMPTON PREPARATORY MIDDLE,DALLAS,TX
ENERGIZED FOR EXCELLENCE ACADEMY INC MIDDLE,HOUSTON,TX
CROUCH EL,GRAND PRAIRIE,TX
SETON HOME,SAN ANTONIO,TX
EDDIE BERNICE JOHNSON EL,DALLAS,TX
JUBILEE LEADERSHIP ACADEMY,BROWNSVILLE,TX
G L WILEY OPPORTUNITY CENTER,WACO,TX
AUSTIN EL,MESQUITE,TX
PIETZSCH/MAC ARTHUR EL,BEAUMONT,TX
BIRDWELL SCHOOL,TYLER,TX
BOOKER T WASHINGTON EL,WICHITA FALLS,TX
H M KING H S,KINGSVILLE,TX
PEARSON EARLY CHILDHOOD,PLANO,TX
KATY J H,KATY,TX
ELLEN OCHOA STEM ACADEMY AT BEN MILIAM EL,GRAND PRAIRIE,TX
DUDLEY EL,VICTORIA,TX
MONTGOMERY H S,MONTGOMERY,TX
UPLIFT EDUCATION - INFINITY PREPARATORY MIDDLE SCH,IRVING,TX
CASTLEMAN CREEK EL,HEWITT,TX
COUNTY LINE EL,NEW BRAUNFELS,TX
BOERNE ALTER SCH,BOERNE,TX
FLOYDADA COLLEGIATE J H,FLOYDADA,TX
HANNA EARLY COLLEGE H S,BROWNSVILLE,TX
TARRANT CO J J A E P,SOUTHLAKE,TX
FARLEY MIDDLE,HUTTO,TX
MIRELES EL,CORPUS CHRISTI,TX
CONLEY EL,HOUSTON,TX
SINTON H S,SINTON,TX
MCGREGOR H S,MCGREGOR,TX
LOWERY FRESHMAN CENTER,ALLEN,TX
LA MESA EL,PLAINVIEW,TX
FRANKLIN H S,EL PASO,TX
SERENITY HIGH,MCKINNEY,TX
RICHARDSON HEIGHTS EL,RICHARDSON,TX
MCCOLLUM H S,SAN ANTONIO,TX
JOSEFA L SAMBRANO EL,SAN ELIZARIO,TX
SHIELDS EL,VICTORIA,TX
SPRING HILL J H,LONGVIEW,TX
SCHOOL FOR THE HIGHLY GIFTED,GRAND PRAIRIE,TX
HARLINGEN SCHOOL OF HEALTH PROFESSIONS,HARLINGEN,TX
COPPERAS COVE H S,COPPERAS COVE,TX
BAYTOWN J H,BAYTOWN,TX
IDEA EASTSIDE ACADEMY,SAN ANTONIO,TX
ISCHOOL HIGH - LEWISVILLE,LEWISVILLE,TX
AUE EL,SAN ANTONIO,TX
FORNEY LEARNING ACADEMY,FORNEY,TX
DR JAVIER SAENZ MIDDLE,PENITAS,TX
HARMONY SCHOOL OF EXCELLENCE - LAREDO,LAREDO,TX
EARLY CHILDHOOD,EDINBURG,TX
KIPP AUSTIN VISTA MIDDLE SCHOOLS,AUSTIN,TX
NEW MIDDLE AT MCNEIL,ROUND ROCK,TX
THE JOE BARNHART ACADEMY,BEEVILLE,TX
RALPH PFLUGER EL,BUDA,TX
ATHENS H S,ATHENS,TX
TIMBERWOOD PARK EL,SAN ANTONIO,TX
CENTRAL HEIGHTS MIDDLE,NACOGDOCHES,TX
AUSTIN EL,HARLINGEN,TX
BOLIN EL,PARKER,TX
RENNER MIDDLE,PLANO,TX
GLADEWATER PRI,GLADEWATER,TX
C E ELLISON H S,KILLEEN,TX
CEDAR CREEK INT,CEDAR CREEK,TX
FORT HANCOCK MIDDLE,FT HANCOCK,TX
ELADIO R MARTINEZ LEARNING CENTER,DALLAS,TX
3D ACADEMY,DONNA,TX
WALL SP PROG (FLC/BAC),SAN ANGELO,TX
MICKEY LELAND COLLEGE PREP ACAD FOR YOUNG MEN,HOUSTON,TX
HOOD-CASE EL,ALVIN,TX
HILLSBORO H S,HILLSBORO,TX
DANBURY EL,DANBURY,TX
BILL HASSE EL,ALVIN,TX
SAN PERLITA EL,SAN PERLITA,TX
CHRISTENE C MOSS EL,FORT WORTH,TX
BANGS H S,BANGS,TX
FORT STOCKTON ALAMO EL,FORT STOCKTON,TX
DR THOMAS ESPARZA EL,EDINBURG,TX
ELYSIAN FIELDS H S,ELYSIAN FIELDS,TX
R YZAGUIRRE MIDDLE,SAN JUAN,TX
BELLVILLE J H,BELLVILLE,TX
ALTO H S,ALTO,TX
DAWSON EL,DAWSON,TX
YES PREP - SOUTHSIDE,HOUSTON,TX
LUBBOCK-COOPER BUSH MIDDLE,LUBBOCK,TX
LEADERSHIP PREP SCHOOL SECONDARY,FRISCO,TX
COOLIDGE H S,COOLIDGE,TX
EDNA ROWE EL,DALLAS,TX
FOWLER EL,WICHITA FALLS,TX
MABANK INT,MABANK,TX
PARKER EL,HOUSTON,TX
ELYSIAN FIELDS MIDDLE,ELYSIAN FIELDS,TX
WILLOW CREEK EL,SAGINAW,TX
SKYLINE H S,DALLAS,TX
SECONDARY ALTER CTR,HARLINGEN,TX
PREMIER H S OF AUSTIN,AUSTIN,TX
APPLE SPRINGS H S,APPLE SPRINGS,TX
ALPINE H S,ALPINE,TX
MAYDE CREEK H S,HOUSTON,TX
MIDWAY ALTERNATIVE H S,CANYON,TX
RANGER H S,RANGER,TX
LANSBERRY EL,TRINITY,TX
HASKELL EL,HASKELL,TX
JUBILEE LIVING WAY,BROWNSVILLE,TX
TRAVIS COUNTY J J A E P,AUSTIN,TX
POR VIDA ACADEMY CORPUS CHRISTI,CORPUS CHRISTI,TX
LAURA B WALLACE MIDDLE,KYLE,TX
JOHNSON COUNTY J J A E P,CLEBURNE,TX
MARTIN H S,LAREDO,TX
CRYSTAL CITY H S,CRYSTAL CITY,TX
VAN VLECK EL,VAN VLECK,TX
FENWICK ACADEMY,SAN ANTONIO,TX
UNIVERSAL ACADEMY - COPPELL,COPPELL,TX
RUSH EL,LUBBOCK,TX
DUNN EL,ARLINGTON,TX
PRESTONWOOD EL,DALLAS,TX
MOISES E MOLINA H S,DALLAS,TX
LEON HEIGHTS EL,BELTON,TX
HARMONY SCHOOL OF INNOVATION - SAN ANTONIO,SAN ANTONIO,TX
RUSTIC OAK EL,PEARLAND,TX
KETELSEN EL,HOUSTON,TX
VILLAREAL EL,OLMITO,TX
ANTHONY MIDDLE,ANTHONY,TX
ROWLETT EL,ROWLETT,TX
SHIELDS EL,GLENN HEIGHTS,TX
MCREYNOLDS MIDDLE,HOUSTON,TX
LLANO EL,LLANO,TX
JACKSON-KELLER EL,SAN ANTONIO,TX
NATALIA H S,NATALIA,TX
COKER EL,SAN ANTONIO,TX
JAMES M STEELE H S,ROANOKE,TX
WEST RUSK MIDDLE,NEW LONDON,TX
TEAGUE J H,TEAGUE,TX
CLASSICAL CENTER AT VIAL EL,GARLAND,TX
JAMES PATTERSON EL,RICHMOND,TX
ROBERTO BOBBY BARRERA EL STEM MAGNET,LAUGHLIN AFB,TX
DAVIS EL,AUSTIN,TX
HUBBARD EL,HUBBARD,TX
FRAZIER EL,HOUSTON,TX
MISSION EARLY LEARNING,MISSION,TX
ALLEN & WILLIAM ARNOLD EL,PHARR,TX
MARY E SMITHEY PACE H S,DUNCANVILLE,TX
QUEEN CITY H S,QUEEN CITY,TX
I C EVANS EL,BURKBURNETT,TX
DITTO EL,ARLINGTON,TX
MS-5 NW MIDDLE,EL PASO,TX
LIPAN H S,LIPAN,TX
KOUNTZE H S,KOUNTZE,TX
POMEROY EL,PASADENA,TX
NORTH FORNEY H S,FORNEY,TX
CLARKSTON EL,TYLER,TX
GLADEWATER H S,GLADEWATER,TX
LASA H S,AUSTIN,TX
BENFER EL,KLEIN,TX
LAKEWOOD EL,BELTON,TX
WHIDBY EL,HOUSTON,TX
GLENN C HARDIN INT,DUNCANVILLE,TX
NEW WAVERLY J H,NEW WAVERLY,TX
WILLIAMSON JJAEP,GEORGETOWN,TX
BONHAM EL,MIDLAND,TX
QUEST EARLY COLLEGE H S,HUMBLE,TX
TAYS J H,KATY,TX
HERITAGE ACADEMY OF SAN ANTONIO,WINDCREST,TX
WILLIAMSON CO ACADEMY,GEORGETOWN,TX
VAN ZANDT CO YOUTH MULTI-SERVICE CTR,GRAND SALINE,TX
E RAY EL,FORT WORTH,TX
CAMERON CO J J A E P,PORT ISABEL,TX
GOLDTHWAITE EL,GOLDTHWAITE,TX
BRIDGEPORT INT,BRIDGEPORT,TX
HARMONY SCHOOL OF INNOVATION - WACO,BEVERLY HILLS,TX
SOUTH EARLY COLLEGE H S,HOUSTON,TX
IDEA BRACKENRIDGE ACADEMY,SAN ANTONIO,TX
HIGHLAND LAKES EL,GRANITE SHOALS,TX
OAK PARK SPECIAL EMPHASIS SCHOOL,CORPUS CHRISTI,TX
HUTCHINSON MIDDLE,LUBBOCK,TX
JOSE DE ESCANDON EL,MISSION,TX
WALZEM EL,SAN ANTONIO,TX
MERKEL MIDDLE,MERKEL,TX
NORDHEIM SCHOOL,NORDHEIM,TX
STEVENSON MIDDLE,HOUSTON,TX
TEAGUE LION ACADEMY,TEAGUE,TX
BLACKLAND PRAIRIE EL,ROUND ROCK,TX
ALDINE MIDDLE,HOUSTON,TX
PSJA SONIA M SOTOMAYOR H S,PHARR,TX
LAKEWAY EL,AUSTIN,TX
BENAVIDES EL,BENAVIDES,TX
HAMILTON MIDDLE,HOUSTON,TX
MEDINA VALLEY H S,CASTROVILLE,TX
WARREN JJAEP,KOUNTZE,TX
IDEA COLLEGE PREP WESLACO,WESLACO,TX
ALFRED SORENSEN EL,SAN JUAN,TX
SMITH EL,HOUSTON,TX
TURNING POINT SECONDARY SCHOOL,ARLINGTON,TX
RICHARD MILBURN ACADEMY LUBBOCK,LUBBOCK,TX
HUNTERS GLEN EL,MISSOURI CITY,TX
NEW DEAL EL,NEW DEAL,TX
CONNALLY MIDDLE,SAN ANTONIO,TX
PROSPER H S,PROSPER,TX
KOENNECKE EL,SEGUIN,TX
CHISUM H S,PARIS,TX
HUNT MIDDLE,FRISCO,TX
MARGIL ACADEMY,SAN ANTONIO,TX
EUBANKS INT,SOUTHLAKE,TX
WEST MAIN EL,LANCASTER,TX
CLEAR LAKE H S,HOUSTON,TX
STONEWALL EL,STONEWALL,TX
MCCREARY RD EL,PLANO,TX
IOWA PARK H S,IOWA PARK,TX
HUMPHREY'S HIGHLAND EL,AMARILLO,TX
FINLEY EL,LAREDO,TX
THOMAS HANCOCK EL,HOUSTON,TX
WESTERN HILLS EL,TEMPLE,TX
WESTBROOK INT,FRIENDSWOOD,TX
BIRDVILLE H S,NORTH RICHLAND HILLS,TX
STEINER RANCH EL,AUSTIN,TX
BLANCO EL,BLANCO,TX
ELVIS J BALLEW H S,PHARR,TX
JIM NED MIDDLE,TUSCOLA,TX
BAY CITY H S,BAY CITY,TX
EDUARDO MATA MONTESSORI SCHOOL,DALLAS,TX
CENTRAL EL,DUNCANVILLE,TX
TEKOA ACADEMY OF ACCELERATED STUDIES,PORT ARTHUR,TX
LYTLE H S,LYTLE,TX
ADRIAN SCHOOL,ADRIAN,TX
STORM EL,SAN ANTONIO,TX
REAGAN EL,ABILENE,TX
AZLE HORNET ACADEMY,AZLE,TX
GLENHOPE EL,COLLEYVILLE,TX
MOUNT CARMEL ACADEMY,HOUSTON,TX
MAURICEVILLE MIDDLE,ORANGE,TX
NAVARRO MIDDLE,HOUSTON,TX
MCLEAN MIDDLE,FORT WORTH,TX
WILLIAM B MILLER EL,DALLAS,TX
DR FERMIN CALDERON EL,DEL RIO,TX
TRAVIS EL,HOUSTON,TX
JOAQUIN CIGARROA MIDDLE,LAREDO,TX
FLOUR BLUFF H S,CORPUS CHRISTI,TX
SHERMAN EL,HOUSTON,TX
WELLINGTON EL,FLOWER MOUND,TX
OLNEY H S,OLNEY,TX
MINERAL WELLS H S,MINERAL WELLS,TX
EMERSON EL,HOUSTON,TX
PUCKETT EL,AMARILLO,TX
HARDIN CO ALTER ED,KOUNTZE,TX
SEAGOVILLE H S,DALLAS,TX
GRAHAM J H,GRAHAM,TX
TOMBALL MEMORIAL H S,TOMBALL,TX
BANGS H S,BANGS,TX
CADDO MILLS MIDDLE,CADDO MILLS,TX
SMITH H S,CARROLLTON,TX
SOUTH LAWN EL,AMARILLO,TX
THOMPSON EL,HOUSTON,TX
DALHART INT,DALHART,TX
THOMAS JEFFERSON H S,DALLAS,TX
BAILEY J H,ARLINGTON,TX
GOLIAD H S,GOLIAD,TX
SCHULENBURG EL,SCHULENBURG,TX
TIMBERS EL,HUMBLE,TX
SCHOOL OF SCIENCE AND TECHNOLOGY - ALAMO,SAN ANTONIO,TX
BASTIAN EL,HOUSTON,TX
CAMPBELL EL,KATY,TX
ETOILE ACADEMY CHARTER SCHOOL,HOUSTON,TX
LEONARD J H,LEONARD,TX
HART EL,AUSTIN,TX
ANSON EL,ANSON,TX
ROBERT H ROCKENBAUGH EL,SOUTHLAKE,TX
PEGASUS SCHOOL,LOCKHART,TX
CEDAR CREEK MIDDLE,CEDAR CREEK,TX
EDUCATION CENTER INTERNATIONAL ACADEMY 1,SUNNYVALE,TX
WARNER EL,CYPRESS,TX
PALO DURO H S,AMARILLO,TX
SCHERTZ EL,SCHERTZ,TX
HOMEBOUND,LUBBOCK,TX
WOLFLIN EL,AMARILLO,TX
VETERANS MIDDLE,RIO GRANDE CITY,TX
TARRANT CO J J A E P,HALTOM CITY,TX
RIO VISTA ISD JJAEP,CLEBURNE,TX
CHRISTA MCAULIFFE LEARNING CENTER,RICHARDSON,TX
JOHN F PEELER EL,DALLAS,TX
EARLY COLLEGE H S,HARLINGEN,TX
HULL-DAISETTA H S,DAISETTA,TX
CRANE H S,CRANE,TX
TOOL EL,TOOL,TX
BARBARA JORDAN EL,ODESSA,TX
BRECKENRIDGE H S,BRECKENRIDGE,TX
JAMES AND MARGIE MARION EL,ALLEN,TX
HOFFMANN EL,SAN ANTONIO,TX
LAMAR MIDDLE,TEMPLE,TX
UPLIFT EDUCATIION-NORTH HILLS PREP PRI,IRVING,TX
LEVELLAND H S,LEVELLAND,TX
WASHINGTON EL,SAN ANTONIO,TX
BEL AIR MIDDLE,EL PASO,TX
IRVING EL,CLEBURNE,TX
PAMPA H S,PAMPA,TX
HUTCHINS EL,EL CAMPO,TX
FOUNDERS CLASSICAL ACADEMY OF SCHERTZ,SCHERTZ,TX
TALLEY EL,FRISCO,TX
V R EATON H S,FORT WORTH,TX
CYPRESSWOOD EL,HUMBLE,TX
RIDGE CREEK EL,HUMBLE,TX
IDEA TRES LAGOS COLLEGE PREPARATORY,MCALLEN,TX
EUGENE 'GENE' KRANZ J H,DICKINSON,TX
GIDDINGS INT,GIDDINGS,TX
WILLIAMSON COUNTY JUVENILE DETENTION CENTER,GEORGETOWN,TX
STEVENSON MIDDLE,SAN ANTONIO,TX
MILTON COOPER EL,HOUSTON,TX
WOODLAWN HILLS EL,SAN ANTONIO,TX
BENAVIDES SECONDARY,BENAVIDES,TX
COLONY MEADOWS EL,SUGAR LAND,TX
MIKE MOSES MIDDLE,NACOGDOCHES,TX
DILLEY H S,DILLEY,TX
FIEST EL,HOUSTON,TX
RALLS MIDDLE,RALLS,TX
SOUTHSIDE EL,ANGLETON,TX
TRAVIS MIDDLE,MCALLEN,TX
STERLING H S,HOUSTON,TX
PILLOW EL,AUSTIN,TX
PREMIER H S OF SAN JUAN,SAN JUAN,TX
PARIS H S,PARIS,TX
BLISS EL,EL PASO,TX
SPARKS EL,FRISCO,TX
DIGITAL ARTS & TECHNOLOGY ACADEMY AT ADAMS MIDDLE,GRAND PRAIRIE,TX
INDUSTRIAL EL WEST,INEZ,TX
BRYAN EL,MISSION,TX
LUBBOCK-COOPER SOUTH EL,LUBBOCK,TX
AULT EL,CYPRESS,TX
HARRIS MIDDLE,SAN ANTONIO,TX
MALCOLM RECTOR TECHNICAL H S,NACOGDOCHES,TX
LEGACY SCHOOL OF SPORT SCIENCES,SPRING,TX
COYLE MIDDLE,ROWLETT,TX
CUNNINGHAM MIDDLE AT SOUTH PARK,CORPUS CHRISTI,TX
O C TAYLOR CTR,BEAUMONT,TX
LINCOLN MIDDLE,EL PASO,TX
STUCHBERY EL,HOUSTON,TX
TEXAS PREPARATORY SCHOOL,SAN MARCOS,TX
J L LONG MIDDLE,DALLAS,TX
FOREST BROOK MIDDLE,HOUSTON,TX
DR M L GARZA-GONZALEZ CHARTER SCHOOL,CORPUS CHRISTI,TX
TYLER H S,TYLER,TX
GREAT OAKS EL,ROUND ROCK,TX
MCAULIFFE EL,MCALLEN,TX
WILLOW CREEK EL,KINGWOOD,TX
LIBERTY J H,DALLAS,TX
RICHARDSON NORTH J H,RICHARDSON,TX
DONNA PARK,HURST,TX
WOLFE CITY MIDDLE,WOLFE CITY,TX
ROBERTS EL,SAN BENITO,TX
ERECKSON MIDDLE,ALLEN,TX
LONDON H S,CORPUS CHRISTI,TX
H S AHEAD ACADEMY,HOUSTON,TX
BLAND EL,CELESTE,TX
NYOS - MAGNOLIA MCCULLOUGH CAMPUS,AUSTIN,TX
LYFORD H S,LYFORD,TX
GIDDINGS EL,GIDDINGS,TX
POTTSBORO MIDDLE,POTTSBORO,TX
WEST RUSK EL,NEW LONDON,TX
WILLIAMSON COUNTY JJAEP,GEORGETOWN,TX
RIO GRANDE CITY CISD GRULLA H S,RIO GRANDE CITY,TX
SMITH EL,HOUSTON,TX
THE WOODLANDS H S,THE WOODLANDS,TX
OUSLEY J H,ARLINGTON,TX
LAWLER MIDDLE,FRISCO,TX
ENERGIZED FOR STEM ACADEMY H S,HOUSTON,TX
PEREZ EL,BROWNSVILLE,TX
TYLER ISD EARLY COLLEGE H S,TYLER,TX
SAM HOUSTON EL,MARSHALL,TX
LIVE OAK ACADEMY,BUDA,TX
TOLAR H S,TOLAR,TX
WHITE OAK H S,WHITE OAK,TX
PEARL HALL EL,SO HOUSTON,TX
RALLS H S,RALLS,TX
CLEVELAND H S,CLEVELAND,TX
SPRING H S,SPRING,TX
RAUL A GONZALEZ JR EL,WESLACO,TX
WILLIAMS EL,AUSTIN,TX
NEWGULF EL,BOLING,TX
CHESTER H S,CHESTER,TX
ZAVALLA H S,ZAVALLA,TX
LEWIS EL,SAN ANTONIO,TX
TRAVIS INT,CONROE,TX
VALLEY VIEW EL,AUSTIN,TX
MEDINA VALLEY MIDDLE,CASTROVILLE,TX
FW RGNL PROGRAM FOR DEAF,FORT WORTH,TX
SAN DIEGO H S,SAN DIEGO,TX
COL SANTOS BENAVIDES EL,LAREDO,TX
CUMBY EL,CUMBY,TX
DIBOLL PRI,DIBOLL,TX
ROBERTS EL,LUBBOCK,TX
FREDERICKSBURG PRI,FREDERICKSBURG,TX
TRAVIS EL,ENNIS,TX
FORT STOCKTON APACHE EL,FORT STOCKTON,TX
MARCY EL,BIG SPRING,TX
WORLD LANGUAGES INSTITUTE,FORT WORTH,TX
JEAN MASSIEU ACADEMY,ARLINGTON,TX
INDIAN CREEK EL,SAN ANTONIO,TX
HILL COUNTRY MIDDLE,AUSTIN,TX
THE BRIDGES ACAD ALTER,COLLEYVILLE,TX
RANGE EL,MESQUITE,TX
WILLIAM J WINKLEY EL,LEANDER,TX
GEORGE J H,ROSENBERG,TX
YOUNG MEN'S LEADERSHIP ACADEMY AT FRED F FLORENCE,DALLAS,TX
BARBARA FASKEN EL,LAREDO,TX
DEER PARK J H,DEER PARK,TX
PLEASANT GROVE EL,DALLAS,TX
EXCELSIOR EL,CENTER,TX
UPLIFT EDUCATION-NORTH HILLS PREP H S,IRVING,TX
TRINIDAD SCHOOL,TRINIDAD,TX
KIPP AUSTIN ACADEMY OF ARTS & LETTERS,AUSTIN,TX
NIXON SMILEY EL,SMILEY,TX
EDDIE FINLEY SR J H,WAXAHACHIE,TX
ALAN B SHEPARD MIDDLE,SAN ANTONIO,TX
BURNET MIDDLE,AUSTIN,TX
SEYMOUR H S,SEYMOUR,TX
O H HERMAN MIDDLE,VAN VLECK,TX
HILLCREST EL,DUMAS,TX
TOM C GOOCH EL,DALLAS,TX
FORSAN EL,BIG SPRING,TX
RAYMONDVILLE H S,RAYMONDVILLE,TX
ALVORD EL,ALVORD,TX
SCURRY-ROSSER EL,SCURRY,TX
VIOLA COBB EL,CHANNELVIEW,TX
SHELDON EL,HOUSTON,TX
HULL-DAISETTA J H,DAISETTA,TX
NELSON MIDDLE,FRISCO,TX
AUSTIN ACAD FOR EXCELL,GARLAND,TX
VOSS FARMS EL,NEW BRAUNFELS,TX
R C FLORES-MARK A ZAPATA EL,EDINBURG,TX
AUSTIN EL,MEMPHIS,TX
LUCYLE COLLINS MIDDLE,FORT WORTH,TX
STARRETT EL,GRAND PRAIRIE,TX
ROLLING MEADOWS EL,SAN ANTONIO,TX
PROJECT RESTORE,NEW CANEY,TX
PATHWAYS LEARNING CTR,BEAUMONT,TX
BONNER EL,HOUSTON,TX
LOMAX EL,LA PORTE,TX
CHARLOTTE MIDDLE,CHARLOTTE,TX
OAKWOOD TERRACE EL,EULESS,TX
THOMPSON EL,CARROLLTON,TX
HEMPHILL EL,HEMPHILL,TX
KENNEDY ZAPATA EL,LAREDO,TX
KENTWOOD EL,BIG SPRING,TX
BLEYL MIDDLE,HOUSTON,TX
LANDRUM MIDDLE,HOUSTON,TX
AMHERST SCHOOL,AMHERST,TX
PARKSIDE EL,GEORGETOWN,TX
KILLIAN MIDDLE,LEWISVILLE,TX
PALM EL,AUSTIN,TX
WOOD MIDDLE,SAN ANTONIO,TX
LITTLE CYPRESS EL,ORANGE,TX
ALTO BONITO EL,RIO GRANDE CITY,TX
STUARD EL,ALEDO,TX
HOSP EL,FRISCO,TX
WEST BROOKHAVEN YOUTH RANCH SCHOOL,WEST,TX
D A E P,CONROE,TX
THUNDERBIRD EL,PLAINVIEW,TX
RIVERCHASE ELE,COPPELL,TX
ANITA FERRALES COY FACILITY,AUSTIN,TX
I W AND ELEANOR HYDE EL,LEAGUE CITY,TX
SAN PEDRO EL,ROBSTOWN,TX
HOWE MIDDLE,HOWE,TX
EDGEWOOD EL,HOUSTON,TX
HEMPHILL H S,HEMPHILL,TX
LINCOLN MIDDLE,PORT ARTHUR,TX
GLENN HARMON EL,ARLINGTON,TX
RICE INTERMEDIATE/MIDDLE SCHOOL,RICE,TX
HARMONY SCHOOL OF ADVANCEMENT-HOUSTON,HOUSTON,TX
HEBRON H S,CARROLLTON,TX
F P CAILLET EL,DALLAS,TX
PREMIER H S OF MIDLAND,MIDLAND,TX
BRENTWOOD MIDDLE,SAN ANTONIO,TX
J N ERVIN EL,DALLAS,TX
MCANALLY INT,ALEDO,TX
J M HANKS H S,EL PASO,TX
PANOLA EARLY COLLEGE H S,CARTHAGE,TX
CURTIS EL,WEATHERFORD,TX
COASTAL ALTERNATIVE PROGRAM,SANTA FE,TX
PINNACLE INT,AMARILLO,TX
SAN JACINTO J H,MIDLAND,TX
LONE STAR H S CENTRAL,MART,TX
HUGGINS EL,FULSHEAR,TX
LONG MIDDLE,DALLAS,TX
PECOS KIND,PECOS,TX
PENA EL,BROWNSVILLE,TX
BUDEWIG INT,HOUSTON,TX
GODDARD J H,MIDLAND,TX
NAVARRO EARLY COLLEGE H S,AUSTIN,TX
GLENMORE EL,SAN ANGELO,TX
THRALL EL,THRALL,TX
HULL EL,SAN ANTONIO,TX
GEORGE H W BUSH NEW TECH ODESSA,ODESSA,TX
BARBARA M MANNS H S DAEP,DALLAS,TX
ROY BENAVIDEZ EL,SAN ANTONIO,TX
BELL EL,TYLER,TX
LUNA MIDDLE,SAN ANTONIO,TX
AUGUSTO GUERRA EL,ALAMO,TX
MAMBRINO SCHOOL,GRANBURY,TX
RICHARDSON H S,RICHARDSON,TX
SNOOK SECONDARY,SOMERVILLE,TX
CRUTCHFIELD EL,SHERMAN,TX
BECKVILLE SUNSET EL,BECKVILLE,TX
NEW DIRECTIONS,SAN ANTONIO,TX
CEDAR HILL COLLEGIATE PREP,CEDAR HILL,TX
HOMEBOUND,KINGSVILLE,TX
RODGER & ELLEN BECK J H,KATY,TX
TEXAS ONLINE PREPARATORY EL,HUNTSVILLE,TX
MARTIN LUTHER KING JR ARTS ACADEMY,DALLAS,TX
EARLY CHILDHOOD CENTER,CHANNELVIEW,TX
WOODEN EL,RED OAK,TX
SOUTH HILLS H S,FORT WORTH,TX
WILSON EL,SAN ANTONIO,TX
SAVANNAH EL,AUBREY,TX
MATTHEWS LEARNING CENTER,LUBBOCK,TX
ROWLETT H S,ROWLETT,TX
WILLOW CREEK EL,TOMBALL,TX
SAN CARLOS EL,EDINBURG,TX
UPLIFT WILLIAMS PREPARATORY H S,DALLAS,TX
A+ UNLIMITED POTENTIAL - MUSEUM DISTRICT,HOUSTON,TX
TURNING POINT SECONDARY SCHOOL,ARLINGTON,TX
TRIUMPH PUBLIC HIGH SCHOOLS-EL PASO EAST,EL PASO,TX
VAN J H,VAN,TX
O'DELL EL,CELINA,TX
TAYLOR COUNTY LEARNING CENTER,ABILENE,TX
EMMA ROBERSON EL,GRANBURY,TX
WALSH EL,FORT WORTH,TX
BANDERA H S,BANDERA,TX
DIMMITT MIDDLE,DIMMITT,TX
OLFEN SCHOOL,ROWENA,TX
BIG SPRING INT,BIG SPRING,TX
ANDERSON-SHIRO EL,ANDERSON,TX
FOREST CREEK EL,ROUND ROCK,TX
TATUM H S,TATUM,TX
STANTON MIDDLE,STANTON,TX
FIRST COLONY MIDDLE,SUGAR LAND,TX
HIDDEN COVE EL,SAN ANTONIO,TX
PEWITT J H,OMAHA,TX
BLOCK HOUSE CREEK EL,LEANDER,TX
ROBINSON EL,ROBINSON,TX
R A HALL EL,BEEVILLE,TX
VISTA RIDGE H S,CEDAR PARK,TX
HELEN EDWARD EARLY CHILDHOOD CENTER,KAUFMAN,TX
LAPOYNOR H S,LARUE,TX
CESAR CHAVEZ MIDDLE,WACO,TX
DENTON CO J J A E P,PILOT POINT,TX
RIO VISTA MIDDLE,RIO VISTA,TX
ROBERT KING EL,KATY,TX
MCDADE EL,MCDADE,TX
NEIDIG EL,ELGIN,TX
EAST HANDLEY EL,FORT WORTH,TX
HASTINGS H S,HOUSTON,TX
PASADENA HIGH SCHOOL,PASADENA,TX
CANADIAN H S,CANADIAN,TX
SAN SABA H S,SAN SABA,TX
DON R DANIEL NINTH GRADE CAMPUS,ALEDO,TX
HETTIE HALSTEAD EL,COPPERAS COVE,TX
UPLIFT HEIGHTS PREPARATORY H S,DALLAS,TX
SPECIAL PROG CTR/J J A E P,MCKINNEY,TX
HIGHPOINT - DAEP,LA PORTE,TX
CEDAR CREST,BELTON,TX
MALALA YOUSAFZAI,RICHMOND,TX
AMANDA ROCHELL EL,ROCKWALL,TX
PROGRESO EARLY CHILDHOOD,PROGRESO,TX
PEARLAND J H EAST,PEARLAND,TX
SPLENDORA H S,SPLENDORA,TX
LOUISE CABANISS EL,GRAND PRAIRIE,TX
HILL COUNTY JJAEP,HILLSBORO,TX
EL PASO ACADEMY,EL PASO,TX
WINDERMERE EL,PFLUGERVILLE,TX
SANTA ANNA EL,SANTA ANNA,TX
CUMBY H S,CUMBY,TX
WOODCREEK EL,KATY,TX
MERIDIAN WORLD SCHOOL LLC,ROUND ROCK,TX
MOORE M H EL,FORT WORTH,TX
CALLISBURG EL,GAINESVILLE,TX
CARROLL EL,CORSICANA,TX
INTERNATIONAL H S,AUSTIN,TX
CUERO J H,CUERO,TX
DEPELCHIN-RICHMOND,RICHMOND,TX
CELESTE H S,CELESTE,TX
KELLER EARLY LEARNING CENTER - NORTH,KELLER,TX
ILTEXAS ARLINGTON MIDDLE,ARLINGTON,TX
CENTER INT,CENTER,TX
TROUP H S,TROUP,TX
ANN RICHARDS STEAM ACADEMY,DALLAS,TX
HIDALGO CO J J A E P,MCALLEN,TX
ROSEMONT MIDDLE,FORT WORTH,TX
EDITH & ETHEL CARMAN EL,SAN JUAN,TX
FOSTER H S,RICHMOND,TX
W W SAMUELL H S,DALLAS,TX
PREMIER H S OF LAREDO,LAREDO,TX
IRELAND EL,ODESSA,TX
MCKINNEY H S,MCKINNEY,TX
NORTHRICH EL,RICHARDSON,TX
JUDY HAJEK EL,BURLESON,TX
BEATRICE MAYES INSTITUTE CHARTER SCHOOL,HOUSTON,TX
DERRY EL,PORT ISABEL,TX
THREE RIVERS EL,THREE RIVERS,TX
HIGHLAND PARK H S,DALLAS,TX
RICHARD MILBURN ACADEMY HOUSTON (SUBURBAN),HOUSTON,TX
EAGLE PASS H S,EAGLE PASS,TX
HIGHLAND HTS EL,HOUSTON,TX
ARLINGTON HEIGHTS H S,FORT WORTH,TX
MEMORIAL PATHWAY ACADEMY H S,GARLAND,TX
RUSK INT,RUSK,TX
HUBBARD ISD,DEKALB,TX
TWIN CREEKS MIDDLE,SPRING,TX
HORNE EL,HOUSTON,TX
ALTA VISTA EL,WACO,TX
MAURICE L WOLFE EL,HOUSTON,TX
TORNILLO INT,TORNILLO,TX
D A HULCY STEAM MIDDLE,DALLAS,TX
P E P,PEP,TX
IDEA EDINBURG ACADEMY,EDINBURG,TX
JOHN T WHITE EL,FORT WORTH,TX
BRIGHT ACAD,FRISCO,TX
DAVID W CARTER H S,DALLAS,TX
SANTA MARIA ACADEMIC ACADEMY-OPTIONS CAMPUS (6-12),SANTA MARIA,TX
DR MARIA PALMIRA MENDIOLA EL,MISSION,TX
JHW INSPIRE ACADEMY - BELL COUNTY,KILLEEN,TX
DEGAN EL,LEWISVILLE,TX
NORTH HEIGHTS ALTER,AMARILLO,TX
BERRY EL,HOUSTON,TX
ALLEN EL,CORPUS CHRISTI,TX
METHODIST CHILDREN'S HOME,WACO,TX
DAEP,EAGLE PASS,TX
MORNINGSIDE EL,FORT WORTH,TX
PARKLAND PRE-ENGINEERING MIDDLE,EL PASO,TX
WILKINSON EL,CONROE,TX
RUNGE EL,RUNGE,TX
UNDERWOOD EL,ANDREWS,TX
CANYON RIDGE MIDDLE,AUSTIN,TX
WOODVILLE INT,WOODVILLE,TX
IOWA PARK JJAEP,WICHITA FALLS,TX
TEXANS CAN ACADEMY - GRANT EAST,DALLAS,TX
SOUTHSIDE EL,MABANK,TX
GATESVILLE J H,GATESVILLE,TX
DR PAUL S SAENZ J H,SAN ANTONIO,TX
GRANDVIEW EL,GRANDVIEW,TX
SCHULZE EL,IRVING,TX
ROYSE CITY H S,ROYSE CITY,TX
SEAGOVILLE NORTH EL,DALLAS,TX
RABA EL,SAN ANTONIO,TX
AVERY EL,AVERY,TX
MILLER EL,LUBBOCK,TX
CLARENDON J H,CLARENDON,TX
ALTER ED CTR,ODESSA,TX
GAINESVILLE H S,GAINESVILLE,TX
SALADO MIDDLE,SALADO,TX
BROOKS ACADEMY OAKS,SAN ANTONIO,TX
PREMIER H S OF NORTH AUSTIN,AUSTIN,TX
ADAMS J H,FULSHEAR,TX
KEMP PRI,KEMP,TX
RIDER H S,WICHITA FALLS,TX
CAVAZOS MIDDLE,LUBBOCK,TX
REDLAND OAKS EL,SAN ANTONIO,TX
RUBEN HINOJOSA EL,MERCEDES,TX
BOB HOPE SCHOOL,PORT ARTHUR,TX
ROBERT DRISCOLL JR EL,ROBSTOWN,TX
DOGAN EL,HOUSTON,TX
CARROLL T WELCH EL,EL PASO,TX
WOODWAY EL,FORT WORTH,TX
SAM FORDYCE EL,SULLIVAN CITY,TX
WEST CYPRESS HILLS EL,SPICEWOOD,TX
MAYPEARL H S,MAYPEARL,TX
DAILEY MIDDLE,AUSTIN,TX
KOPPERL SCHOOL,KOPPERL,TX
COASTAL HORIZONS ACADEMY,TAFT,TX
EAST RIDGE EL,SWEETWATER,TX
WEDGWOOD MIDDLE,FORT WORTH,TX
YWLA AT BILL ARNOLD,GRAND PRAIRIE,TX
MOORE EL,CORPUS CHRISTI,TX
EAST GRAND PREPARATORY ACADEMY,DALLAS,TX
KEMP J H,KEMP,TX
LEGENDS PROPERTY,LEWISVILLE,TX
O'BRYANT INT,BELLVILLE,TX
SPUR SCHOOL,SPUR,TX
CHARLES GRAEBNER EL,SAN ANTONIO,TX
ROBERTS EL,HOUSTON,TX
AUSTWELL-TIVOLI EL,TIVOLI,TX
BERNAL MIDDLE,SAN ANTONIO,TX
TARVER EL,TEMPLE,TX
UNIVERSAL ACADEMY,IRVING,TX
GONZALO AND SOFIA GARCIA EL,EL PASO,TX
BEN BOLT-PALITO BLANCO H S,BEN BOLT,TX
GOLDEN RULE GRAND PRAIRIE,GRAND PRAIRIE,TX
BURRUS EL,HOUSTON,TX
WHITEHOUSE J H,WHITEHOUSE,TX
GLADYS POLK EL,RICHWOOD,TX
JOE M PIRTLE EL,TEMPLE,TX
LAKESIDE EL,COPPELL,TX
STOVALL MIDDLE,HOUSTON,TX
GARDEN OAKS MONTESSORI,HOUSTON,TX
ARLINGTON CLASSICS ACADEMY - ARKANSAS CAMPUS,ARLINGTON,TX
RICHARD J LEE EL,DALLAS,TX
BLACKWELL SCHOOL,BLACKWELL,TX
CRESTVIEW EL,WACO,TX
ALCOTT EL,HOUSTON,TX
LILLIAN EL,ALVARADO,TX
SOUTHWEST H S,FORT WORTH,TX
WRIGHT EL,WEATHERFORD,TX
JAIME ESCALANTE MIDDLE,PHARR,TX
MOORE MST MAGNET SCHOOL,TYLER,TX
AUSTIN H S,EL PASO,TX
KLEIN ROAD EL,NEW BRAUNFELS,TX
FREEMAN EL,GARLAND,TX
NORTH JOSHUA EL,BURLESON,TX
EARLY CHILDHOOD CENTER,KERRVILLE,TX
WIEDERSTEIN EL,CIBOLO,TX
ROGERS EL,FRISCO,TX
EXCELL PROGRAM,WASKOM,TX
MCLAUGHLIN STRICKLAND EL,FARMERS BRANCH,TX
NUECES CO J J A E P,CORPUS CHRISTI,TX
HICKS EL,HOUSTON,TX
PREMIER H S OF ARLINGTON,ARLINGTON,TX
SEGUIN EL,HOUSTON,TX
RUTH CHERRY INT,ROYSE CITY,TX
RICHARD MILBURN ACADEMY MIDLAND SOUTH,MIDLAND,TX
HARMONY SCHOOL OF INNOVATION - BROWNSVILLE,BROWNSVILLE,TX
RINGGOLD MIDDLE,RIO GRANDE CITY,TX
OAKLEY EL,NEW CANEY,TX
PARADISE MIDDLE,PARADISE,TX
SOUTH HOUSTON INT,SO HOUSTON,TX
CROCKETT MIDDLE,ODESSA,TX
WHITEWRIGHT MIDDLE,WHITEWRIGHT,TX
NANCY NEAL EL,MANSFIELD,TX
EASTRIDGE EL,AMARILLO,TX
FITZGERALD EL,ARLINGTON,TX
AVERY SECONDARY,AVERY,TX
THE VARNETT SCHOOL - EAST,HOUSTON,TX
TH JOHNSON EL,TAYLOR,TX
HIDALGO PARK EL,PHARR,TX
WINONA H S,WINONA,TX
DORIE MILLER INT,ENNIS,TX
HERNANDEZ EL,SAN MARCOS,TX
BRITAIN EL,IRVING,TX
DEW EL,DEW,TX
GRIFFIN EL,KATY,TX
PREMIER H S ONLINE,LEWISVILLE,TX
BONHAM EL,ABILENE,TX
SOUTH KNOLL EL,COLLEGE STATION,TX
TITCHE BLANTON AREA,DALLAS,TX
NEW EL,RICHARDSON,TX
HARLAN H S,SAN ANTONIO,TX
GARDEN RIDGE EL,GARDEN RIDGE,TX
CLINT ISD JJAEP,EL PASO,TX
ARGYLE MIDDLE,ARGYLE,TX
PEWITT H S,OMAHA,TX
SERENITY HIGH,MCKINNEY,TX
SUDAN H S,SUDAN,TX
DEADY MIDDLE,HOUSTON,TX
COLMESNEIL EL,COLMESNEIL,TX
JJAEP DISCIPLINARY SCHOOL,LA PORTE,TX
C STAINKE EL,DONNA,TX
VERIBEST H S,VERIBEST,TX
R V GROVES EL,WYLIE,TX
MILLER HEIGHTS EL,BELTON,TX
BOLDT EL,SAN ANTONIO,TX
JUNCTION H S,JUNCTION,TX
NORTHSIDE EL,EL CAMPO,TX
CLARK EL,LAREDO,TX
KOSTORYZ EL,CORPUS CHRISTI,TX
PLUMMER EL,CEDAR HILL,TX
K B POLK CENTER FOR ACADEMICALLY TALENTED & GIFTED,DALLAS,TX
B H MACON EL,DALLAS,TX
WOOTEN EL,AUSTIN,TX
WINDSOR PARK G/T,CORPUS CHRISTI,TX
SPECIAL PROG CTR/JJAEP,MCKINNEY,TX
ISCHOOL VIRTUAL ACADEMY OF TEXAS,LEWISVILLE,TX
BRANDEIS H S,SAN ANTONIO,TX
VICTORIA WALKER EL,BAYTOWN,TX
HENRIETTA H S,HENRIETTA,TX
ROACH EL,GARLAND,TX
CESAR CHAVEZ EL,LITTLE ELM,TX
PSJA MEMORIAL EARLY COLLEGE H S,ALAMO,TX
BARTON EL,IRVING,TX
CAPT D SALINAS II EL,ALAMO,TX
E-2 CENTRAL NE EL DON'T USE,EL PASO,TX
HUMBLE EL,HUMBLE,TX
BAKER EL,CANADIAN,TX
WESLEY EL,HOUSTON,TX
HUNTINGTON H S,HUNTINGTON,TX
BECKVILLE JR-SR HIGH SCHOOL,BECKVILLE,TX
RUNYAN EL,CONROE,TX
MARINE CREEK LEADERSHIP ACADEMY,FORT WORTH,TX
CYPRESS-FAIRBANKS J J A E P,HOUSTON,TX
MCLENNAN COUNTY CHALLENGE ACADEMY,WACO,TX
BROWNSVILLE LEARNING ACADEMY,BROWNSVILLE,TX
DEANDA EL,HOUSTON,TX
LYTLE H S,LYTLE,TX
HARMONY SCHOOL OF EXCELLENCE-HOUSTON,HOUSTON,TX
COMMERCE EL,COMMERCE,TX
BLAND MIDDLE,CELESTE,TX
PLEASANTON ISD SCHOOL OF CHOICE,PLEASANTON,TX
LANGHAM EL,NEDERLAND,TX
SINTON EL,SINTON,TX
COLIN L POWELL EL,EL PASO,TX
ANTHONY H S,ANTHONY,TX
DALLAS COUNTY JUVENILE JUSTICE,DALLAS,TX
MESA VERDE EL,AMARILLO,TX
MACKEY EL,BALCH SPRINGS,TX
GUERRERO EL,EL PASO,TX
H BOB DANIEL SR INT,DUNCANVILLE,TX
SAM HOUSTON H S,ARLINGTON,TX
ELDER MIDDLE,FORT WORTH,TX
PLEASANT GROVE H S,TEXARKANA,TX
WYLIE WEST J H,ABILENE,TX
DAINGERFIELD H S,DAINGERFIELD,TX
PARKLAND EL,EL PASO,TX
TRAVIS CO J J A E P,PFLUGERVILLE,TX
ANTHONY EL,ANTHONY,TX
TOM LEA JR EL,EL PASO,TX
ROOSEVELT J H,LUBBOCK,TX
HOLMES H S,SAN ANTONIO,TX
EDINBURG NORTH H S,EDINBURG,TX
BELAIRE EL,SAN ANGELO,TX
SHADOW FOREST EL,KINGWOOD,TX
LAMAR J H,ROSENBERG,TX
HARMONY SCHOOL OF INNOVATION- EULESS,EULESS,TX
LIT CYPR-MRCEVILLE H S,ORANGE,TX
PRAIRILAND H S,PATTONVILLE,TX
SMITH EL,AUSTIN,TX
ALICE W DOUSE EL,KILLEEN,TX
STONE HOTCHKISS AREA,DALLAS,TX
BRAZOS SCHOOL FOR INQUIRY AND CREATIVITY TIDWELL,HOUSTON,TX
GEORGETOWN CHARTER ACADEMY,GEORGETOWN,TX
WILLIAM LEE HASTINGS EL,DUNCANVILLE,TX
CHANDLER OAKS EL,ROUND ROCK,TX
IDEA RIVERVIEW ACADEMY,BROWNSVILLE,TX
RRISD EARLY COLLEGE H S,ROUND ROCK,TX
UPLAND HEIGHTS EL,LUBBOCK,TX
VERIBEST DAEP,SAN ANGELO,TX
BEN MILAM EL,CAMERON,TX
MART EL,MART,TX
TAHOKA H S,TAHOKA,TX
CURTSINGER EL,FRISCO,TX
SCHOOL OF HEALTH PROFESSIONS,DALLAS,TX
FARMERSVILLE J H,FARMERSVILLE,TX
A C BLUNT MIDDLE,ARANSAS PASS,TX
VISTA RIDGE H S,CEDAR PARK,TX
SAN ISIDRO EL,SAN ISIDRO,TX
DORA ROMERO EL,BROWNSVILLE,TX
BRIDGEPORT H S,BRIDGEPORT,TX
CROCKETT EL,WEATHERFORD,TX
EVANS SES,CORPUS CHRISTI,TX
COMO EL,FORT WORTH,TX
WATERS EL,LUBBOCK,TX
FLORENCE HILL EL,GRAND PRAIRIE,TX
CITY VIEW JUNIOR/SENIOR HIGH,WICHITA FALLS,TX
WINK EL,WINK,TX
MITTELSTADT EL,KLEIN,TX
DE CHAUMES EL,HOUSTON,TX
JEFFERSON MIDDLE,SAN ANTONIO,TX
BEAR BRANCH EL,MAGNOLIA,TX
MANUEL JARA EL,FORT WORTH,TX
MEADOWBROOK EL,FORT WORTH,TX
LITTLEFIELD J H,LITTLEFIELD,TX
KIRBY MIDDLE,WICHITA FALLS,TX
CREEKVIEW H S,CARROLLTON,TX
JOHN H SHARY EL,MISSION,TX
BASTROP H S,BASTROP,TX
GARCIA EL,HOUSTON,TX
FRIENDSHIP EL,KELLER,TX
FONVILLE MIDDLE,HOUSTON,TX
CEDAR PARK CHARTER ACADEMY,CEDAR PARK,TX
ASSETS,MANVEL,TX
AUSTIN EL,EDINBURG,TX
ARTHUR MILLER CAREER CENTER,KATY,TX
A M OCHOA EL,DONNA,TX
BISHOP H S,BISHOP,TX
HARMONY SCHOOL OF EXCELLENCE - EL PASO,EL PASO,TX
CARPENTER HILL EL,BUDA,TX
IDEA NAJIM ACADEMY,SAN ANTONIO,TX
BONHAM EL,BRYAN,TX
MONTGOMERY EL,MONTGOMERY,TX
DARTMOUTH EL,RICHARDSON,TX
JOSEPH J RHOADS LEARNING CENTER,DALLAS,TX
TEJEDA JUNIOR ACADEMY,SAN ANTONIO,TX
HARWOOD J H,BEDFORD,TX
LAKEWOOD EL,TOMBALL,TX
SHADOW OAKS EL,HOUSTON,TX
MCDONALD MIDDLE,MESQUITE,TX
HOBBS WILLIAMS EL,GRAND PRAIRIE,TX
CLARKE EL,FORT HOOD,TX
STAFFORD H S,STAFFORD,TX
BRAUN STATION EL,SAN ANTONIO,TX
HOLLIDAY EL,HOLLIDAY,TX
KENNEDALE ALTER ED PROG,KENNEDALE,TX
MITCHELL EL,DALLAS,TX
NORTH SIDE H S,FORT WORTH,TX
JACKIE MAE TOWNSELL EL,IRVING,TX
LAKELAND EL,HUMBLE,TX
ROBERT B SEWELL EL,SACHSE,TX
ROGERS ACADEMY,SAN ANTONIO,TX
GARDENDALE EL,SAN ANTONIO,TX
HIGHTOWER H S,MISSOURI CITY,TX
AEP CAMPUS,HOWE,TX
CROSS TIMBERS EL,AZLE,TX
GATEWAY CHARTER ACADEMY,DALLAS,TX
ZILKER EL,AUSTIN,TX
GIESINGER EL,CONROE,TX
GUZMAN EL,DONNA,TX
WOLFE CITY H S,WOLFE CITY,TX
BOWIE J H,BOWIE,TX
HARMONY SCHOOL OF INGENUITY-HOUSTON,HOUSTON,TX
NORTHWEST H S,JUSTIN,TX
LEVELLAND H S,LEVELLAND,TX
W R HATFIELD EL,JUSTIN,TX
BLOOMING GROVE H S,BLOOMING GROVE,TX
MOORE EL,HOUSTON,TX
HERITAGE MIDDLE,LUBBOCK,TX
BOVINA H S,BOVINA,TX
HIDALGO COUNTY BOOT CAMP,WESLACO,TX
ALICE PONDER EL,MANSFIELD,TX
VALLEY MILLS H S,VALLEY MILLS,TX
BRYSON SCHOOL,BRYSON,TX
LINCOLN HUMANITIES/COMMUNICATIONS MAGNET HIGH SCH,DALLAS,TX
SHEPHERD PRI,SHEPHERD,TX
BELL COUNTY DAEP,LITTLE RIVER ACADEMY,TX
CHARLOTTE H S,CHARLOTTE,TX
CAMERON CO J J A E P,RIO HONDO,TX
COLLEYVILLE HERITAGE H S,COLLEYVILLE,TX
IDEA BROWNSVILLE COLLEGE PREPARATORY,BROWNSVILLE,TX
THURGOOD MARSHALL LEADERSHIP ACADEMY,GRAND PRAIRIE,TX
ROSA PARKS/MILLBROOK EL,LANCASTER,TX
NORTH SHORE EL,HOUSTON,TX
BRIDGE CITY INT,BRIDGE CITY,TX
CHAMBERS EL,HOUSTON,TX
OYSTER CREEK EL,SUGAR LAND,TX
LONGVIEW H S,LONGVIEW,TX
MADISONVILLE J H,MADISONVILLE,TX
METRO OPPORTUNITY,FORT WORTH,TX
PALO PINTO EL,PALO PINTO,TX
SHADYDALE EL,HOUSTON,TX
RIDGEVIEW MIDDLE,ROUND ROCK,TX
TRADEWIND EL,AMARILLO,TX
DODD EL,WYLIE,TX
SEMINOLE SUCCESS CTR,SEMINOLE,TX
YES PREP - 5TH WARD,HOUSTON,TX
BREWER MIDDLE,WHITE SETTLEMENT,TX
VANDEGRIFT H S,AUSTIN,TX
ACADEMY H S,LITTLE RIVER,TX
MT ENTERPRISE H S,MT ENTERPRISE,TX
WEST SABINE H S,PINELAND,TX
PINEY WOODS EL,SPLENDORA,TX
EASTLAKE H S,EL PASO,TX
VILLAGE EL,GEORGETOWN,TX
SOUTH EL,LEVELLAND,TX
TRAVIS EL,PORT ARTHUR,TX
GEORGE WEST PRI,GEORGE WEST,TX
SKIDMORE-TYNAN J H,SKIDMORE,TX
AIKIN EL,PARIS,TX
HICKMAN EL,GARLAND,TX
ANDERSON H S,AUSTIN,TX
TAYLOR RAY EL,ROSENBERG,TX
MARLIN HIGH,MARLIN,TX
CLEAR CREEK INT,SANGER,TX
KINDRED EL,SAN ANTONIO,TX
EHRHART SCHOOL,BEAUMONT,TX
HARMONY SCIENCE ACADEMY - DALLAS,DALLAS,TX
ACADEMY JJAEP,LITTLE RIVER,TX
BROWN PRI,SMITHVILLE,TX
MEDLOCK YOUTH VILLAGE,DALLAS,TX
RIDGE POINT H S,MISSOURI CITY,TX
SAN LEON EL,DICKINSON,TX
SAM HOUSTON EL,WESLACO,TX
CHALLENGE ACADEMY,WACO,TX
EVERMAN ACADEMY H S,EVERMAN,TX
INNOVATION DESIGN ENTREPRENEURSHIP ACADEMY,DALLAS,TX
NEW MIDDLE #9 AT GULF WAY,ROUND ROCK,TX
BRAZOS CO JUVENILE DETENTION CENTER,BRYAN,TX
HCC LIFE SKILLS PROGRAM,HOUSTON,TX
JACK LUMMUS INT,ENNIS,TX
UPLIFT WISDOM SECONDARY,DALLAS,TX
HARPOOL MIDDLE,LANTANA,TX
PATHWAYS ACADEMIC CAMPUS,KILLEEN,TX
SGT LEONEL TREVINO EL,SAN JUAN,TX
